"externalId","stationId","legacyId","name","capacity"
"a3a9c0f6-a135-11e9-9cda-0a87ae2ba916","a3a9c0f6-a135-11e9-9cda-0a87ae2ba916",,"Morgan St & 31st St",11
"a3b2d7d9-a135-11e9-9cda-0a87ae2ba916","a3b2d7d9-a135-11e9-9cda-0a87ae2ba916",,"Western Blvd & 48th Pl",11
"a3a96aca-a135-11e9-9cda-0a87ae2ba916","a3a96aca-a135-11e9-9cda-0a87ae2ba916",,"Halsted St & 37th St",11
"a3ad13e4-a135-11e9-9cda-0a87ae2ba916","a3ad13e4-a135-11e9-9cda-0a87ae2ba916",,"Shields Ave & 28th Pl",11
"a3b10a40-a135-11e9-9cda-0a87ae2ba916","a3b10a40-a135-11e9-9cda-0a87ae2ba916",,"Pulaski Rd & Lake St",11
"a3b13e66-a135-11e9-9cda-0a87ae2ba916","a3b13e66-a135-11e9-9cda-0a87ae2ba916",,"Cicero Ave & Flournoy St",11
"a3b20960-a135-11e9-9cda-0a87ae2ba916","a3b20960-a135-11e9-9cda-0a87ae2ba916",,"Damen Ave & 51st St",7
"a3a72012-a135-11e9-9cda-0a87ae2ba916","a3a72012-a135-11e9-9cda-0a87ae2ba916",,"Rush St & Cedar St",11
"a3a9c5f7-a135-11e9-9cda-0a87ae2ba916","a3a9c5f7-a135-11e9-9cda-0a87ae2ba916",,"Western Ave & 24th St",7
"a3acb1de-a135-11e9-9cda-0a87ae2ba916","a3acb1de-a135-11e9-9cda-0a87ae2ba916",,"California Ave & Lake St",11
"a3acea44-a135-11e9-9cda-0a87ae2ba916","a3acea44-a135-11e9-9cda-0a87ae2ba916",,"Calumet Ave & 71st St",11
"a3b2d2b7-a135-11e9-9cda-0a87ae2ba916","a3b2d2b7-a135-11e9-9cda-0a87ae2ba916",,"Halsted St & 59th St",11
"a3b11480-a135-11e9-9cda-0a87ae2ba916","a3b11480-a135-11e9-9cda-0a87ae2ba916",,"Laramie Ave & Kinzie St",11
"a3a5f5e6-a135-11e9-9cda-0a87ae2ba916","a3a5f5e6-a135-11e9-9cda-0a87ae2ba916",,"Halsted St & 21st St",11
"a3ad2d57-a135-11e9-9cda-0a87ae2ba916","a3ad2d57-a135-11e9-9cda-0a87ae2ba916",,"State St & Pershing Rd",11
"a3ad7636-a135-11e9-9cda-0a87ae2ba916","a3ad7636-a135-11e9-9cda-0a87ae2ba916",,"MLK Jr Dr & 56th St",11
"a3a528d0-a135-11e9-9cda-0a87ae2ba916","a3a528d0-a135-11e9-9cda-0a87ae2ba916",,"Stony Island Ave & 64th St",11
"a3b2905a-a135-11e9-9cda-0a87ae2ba916","a3b2905a-a135-11e9-9cda-0a87ae2ba916",,"Exchange Ave & 79th St",11
"a3b1d532-a135-11e9-9cda-0a87ae2ba916","a3b1d532-a135-11e9-9cda-0a87ae2ba916",,"Austin Blvd & Madison St",11
"a3b13836-a135-11e9-9cda-0a87ae2ba916","a3b13836-a135-11e9-9cda-0a87ae2ba916",,"Kenton Ave & Madison St",11
"a3b2862e-a135-11e9-9cda-0a87ae2ba916","a3b2862e-a135-11e9-9cda-0a87ae2ba916",,"Bennett Ave & 79th St",11
"a3b1fa1c-a135-11e9-9cda-0a87ae2ba916","a3b1fa1c-a135-11e9-9cda-0a87ae2ba916",,"Hoyne Ave & 47th St",11
"a3b24701-a135-11e9-9cda-0a87ae2ba916","a3b24701-a135-11e9-9cda-0a87ae2ba916",,"Damen Ave & 74th St",11
"a3b29fae-a135-11e9-9cda-0a87ae2ba916","a3b29fae-a135-11e9-9cda-0a87ae2ba916",,"Stony Island Ave & 82nd St",11
"a3b23785-a135-11e9-9cda-0a87ae2ba916","a3b23785-a135-11e9-9cda-0a87ae2ba916",,"Ashland Ave & 63rd St",11
"90011328-f7bd-4b7b-8f95-8204a0b50f27","90011328-f7bd-4b7b-8f95-8204a0b50f27",,"Wells St & Institute Pl",11
"a3b23cb8-a135-11e9-9cda-0a87ae2ba916","a3b23cb8-a135-11e9-9cda-0a87ae2ba916",,"Racine Ave & 65th St",11
"a3b2be3a-a135-11e9-9cda-0a87ae2ba916","a3b2be3a-a135-11e9-9cda-0a87ae2ba916",,"Milwaukee Ave & Cuyler Ave",11
"a3addda0-a135-11e9-9cda-0a87ae2ba916","a3addda0-a135-11e9-9cda-0a87ae2ba916",,"Kedzie Ave & 24th St",11
"a3b1c47b-a135-11e9-9cda-0a87ae2ba916","a3b1c47b-a135-11e9-9cda-0a87ae2ba916",,"Central Ave & Harrison St",11
"a3b148bf-a135-11e9-9cda-0a87ae2ba916","a3b148bf-a135-11e9-9cda-0a87ae2ba916",,"Laramie Ave & Madison St",11
"a3b22d3d-a135-11e9-9cda-0a87ae2ba916","a3b22d3d-a135-11e9-9cda-0a87ae2ba916",,"Damen Ave & 59th St",11
"a3b222fc-a135-11e9-9cda-0a87ae2ba916","a3b222fc-a135-11e9-9cda-0a87ae2ba916",,"Racine Ave & Garfield Blvd",11
"a3acdae2-a135-11e9-9cda-0a87ae2ba916","a3acdae2-a135-11e9-9cda-0a87ae2ba916",,"Wentworth Ave & 63rd St",11
"a3ac35ed-a135-11e9-9cda-0a87ae2ba916","a3ac35ed-a135-11e9-9cda-0a87ae2ba916",,"Jeffery Blvd & 67th St",11
"da9e6779-5056-4d45-bae3-9dc325ed2807","da9e6779-5056-4d45-bae3-9dc325ed2807",,"Hale Ave & 107th St",11
"a3b1efd6-a135-11e9-9cda-0a87ae2ba916","a3b1efd6-a135-11e9-9cda-0a87ae2ba916",,"Marshfield Ave & 44th St",11
"a3b22815-a135-11e9-9cda-0a87ae2ba916","a3b22815-a135-11e9-9cda-0a87ae2ba916",,"Marshfield Ave & 59th St",11
"a3b46866-a135-11e9-9cda-0a87ae2ba916","a3b46866-a135-11e9-9cda-0a87ae2ba916",,"Rhodes Ave & 71st St",11
"a3b453f2-a135-11e9-9cda-0a87ae2ba916","a3b453f2-a135-11e9-9cda-0a87ae2ba916",,"Carpenter St & 63rd St",7
"a3b2810e-a135-11e9-9cda-0a87ae2ba916","a3b2810e-a135-11e9-9cda-0a87ae2ba916",,"Stony Island Ave & South Chicago Ave",11
"a3ad42c3-a135-11e9-9cda-0a87ae2ba916","a3ad42c3-a135-11e9-9cda-0a87ae2ba916",,"Halsted St & 47th Pl",11
"a3b45e26-a135-11e9-9cda-0a87ae2ba916","a3b45e26-a135-11e9-9cda-0a87ae2ba916",,"Eggleston Ave & 69th St",11
"a3acd5b1-a135-11e9-9cda-0a87ae2ba916","a3acd5b1-a135-11e9-9cda-0a87ae2ba916",,"Halsted St & 63rd St",11
"a3b35885-a135-11e9-9cda-0a87ae2ba916","a3b35885-a135-11e9-9cda-0a87ae2ba916",,"Keystone Ave & Fullerton Ave",11
"a3b26acf-a135-11e9-9cda-0a87ae2ba916","a3b26acf-a135-11e9-9cda-0a87ae2ba916",,"State St & 79th St",11
"61695579-2f75-4090-a071-c76079b5fb5d","61695579-2f75-4090-a071-c76079b5fb5d",,"Michigan Ave & 71st St",7
"a3af5804-a135-11e9-9cda-0a87ae2ba916","a3af5804-a135-11e9-9cda-0a87ae2ba916",,"Ridge Blvd & Touhy Ave",11
"a3a7d279-a135-11e9-9cda-0a87ae2ba916","a3a7d279-a135-11e9-9cda-0a87ae2ba916",,"Normal Ave & Archer Ave",11
"a3a88a6d-a135-11e9-9cda-0a87ae2ba916","a3a88a6d-a135-11e9-9cda-0a87ae2ba916",,"Ashland Ave & Belle Plaine Ave",11
"a3a9acc5-a135-11e9-9cda-0a87ae2ba916","a3a9acc5-a135-11e9-9cda-0a87ae2ba916",,"California Ave & North Ave",11
"a3b0d6ec-a135-11e9-9cda-0a87ae2ba916","a3b0d6ec-a135-11e9-9cda-0a87ae2ba916",,"Clark St & Jarvis Ave",11
"a3b26084-a135-11e9-9cda-0a87ae2ba916","a3b26084-a135-11e9-9cda-0a87ae2ba916",,"Vernon Ave & 75th St",11
"1861588043429399408","1861588043429399408",,"McCormick Blvd & Devon Ave",11
"a3af2216-a135-11e9-9cda-0a87ae2ba916","a3af2216-a135-11e9-9cda-0a87ae2ba916",,"2112 W Peterson Ave",11
"a3ad7b51-a135-11e9-9cda-0a87ae2ba916","a3ad7b51-a135-11e9-9cda-0a87ae2ba916",,"DuSable Museum",11
"a3aa5ed1-a135-11e9-9cda-0a87ae2ba916","a3aa5ed1-a135-11e9-9cda-0a87ae2ba916",,"Damen Ave & Charleston St",11
"a3aa59bb-a135-11e9-9cda-0a87ae2ba916","a3aa59bb-a135-11e9-9cda-0a87ae2ba916",,"Leavitt St & Armitage Ave",11
"a3b25656-a135-11e9-9cda-0a87ae2ba916","a3b25656-a135-11e9-9cda-0a87ae2ba916",,"Woodlawn Ave & 75th St",11
"a3b218cd-a135-11e9-9cda-0a87ae2ba916","a3b218cd-a135-11e9-9cda-0a87ae2ba916",,"Seeley Ave & Garfield Blvd",11
"a3b1ff34-a135-11e9-9cda-0a87ae2ba916","a3b1ff34-a135-11e9-9cda-0a87ae2ba916",,"Ashland Ave & McDowell Ave",11
"a3aca268-a135-11e9-9cda-0a87ae2ba916","a3aca268-a135-11e9-9cda-0a87ae2ba916",,"Sacramento Blvd & Franklin Blvd",11
"a3b42a3e-a135-11e9-9cda-0a87ae2ba916","a3b42a3e-a135-11e9-9cda-0a87ae2ba916",,"Bernard St & Elston Ave",11
"8995498f-1209-4b06-9317-01cd695b3b61","8995498f-1209-4b06-9317-01cd695b3b61",,"Franklin St & Illinois St",11
"a3b29a90-a135-11e9-9cda-0a87ae2ba916","a3b29a90-a135-11e9-9cda-0a87ae2ba916",,"Phillips Ave & 83rd St",11
"a3adbedf-a135-11e9-9cda-0a87ae2ba916","a3adbedf-a135-11e9-9cda-0a87ae2ba916",,"Kedzie Ave & Roosevelt Rd",11
"a3b241df-a135-11e9-9cda-0a87ae2ba916","a3b241df-a135-11e9-9cda-0a87ae2ba916",,"Ashland Ave & 66th St",7
"c1f104db-9ee7-4999-bd4a-ddd766c75e04","c1f104db-9ee7-4999-bd4a-ddd766c75e04",,"Burnham Greenway & 105th St",11
"a3add889-a135-11e9-9cda-0a87ae2ba916","a3add889-a135-11e9-9cda-0a87ae2ba916",,"Central Park Ave & 24th St",11
"a3b2b92c-a135-11e9-9cda-0a87ae2ba916","a3b2b92c-a135-11e9-9cda-0a87ae2ba916",,"South Chicago Ave & 83rd St",11
"a3b0eb93-a135-11e9-9cda-0a87ae2ba916","a3b0eb93-a135-11e9-9cda-0a87ae2ba916",,"Bosworth Ave & Howard St",11
"a3b4728f-a135-11e9-9cda-0a87ae2ba916","a3b4728f-a135-11e9-9cda-0a87ae2ba916",,"Racine Ave & Washington Blvd",11
"a3b21de7-a135-11e9-9cda-0a87ae2ba916","a3b21de7-a135-11e9-9cda-0a87ae2ba916",,"Ashland Ave & Garfield Blvd",11
"a3b10f66-a135-11e9-9cda-0a87ae2ba916","a3b10f66-a135-11e9-9cda-0a87ae2ba916",,"Cicero Ave & Lake St",11
"a3b11993-a135-11e9-9cda-0a87ae2ba916","a3b11993-a135-11e9-9cda-0a87ae2ba916",,"Central Ave & Lake St",11
"a3a57a52-a135-11e9-9cda-0a87ae2ba916","a3a57a52-a135-11e9-9cda-0a87ae2ba916",,"Green St & Washington Blvd",11
"a3af624c-a135-11e9-9cda-0a87ae2ba916","a3af624c-a135-11e9-9cda-0a87ae2ba916",,"Budlong Woods Library",11
"a3b1eaa7-a135-11e9-9cda-0a87ae2ba916","a3b1eaa7-a135-11e9-9cda-0a87ae2ba916",,"Morgan St & Pershing Rd",7
"1850867138125484782","1850867138125484782",,"Woodlawn Ave & 58th St",11
"1754781885939323186","1754781885939323186",,"Stony Island Ave & 63rd St",11
"a3ac7978-a135-11e9-9cda-0a87ae2ba916","a3ac7978-a135-11e9-9cda-0a87ae2ba916",,"Loomis St & Archer Ave",11
"a3b20e8a-a135-11e9-9cda-0a87ae2ba916","a3b20e8a-a135-11e9-9cda-0a87ae2ba916",,"Ashland Ave & 50th St",11
"a3ad9ad9-a135-11e9-9cda-0a87ae2ba916","a3ad9ad9-a135-11e9-9cda-0a87ae2ba916",,"Dorchester Ave & 63rd St",11
"a3acd078-a135-11e9-9cda-0a87ae2ba916","a3acd078-a135-11e9-9cda-0a87ae2ba916",,"Halsted St & 56th St",11
"a3af9064-a135-11e9-9cda-0a87ae2ba916","a3af9064-a135-11e9-9cda-0a87ae2ba916",,"Manor Ave & Leland Ave",11
"a3ac4a7c-a135-11e9-9cda-0a87ae2ba916","a3ac4a7c-a135-11e9-9cda-0a87ae2ba916",,"Stony Island Ave & 71st St",11
"a3af9f99-a135-11e9-9cda-0a87ae2ba916","a3af9f99-a135-11e9-9cda-0a87ae2ba916",,"Albany Ave & Montrose Ave",11
"a3a7a4fc-a135-11e9-9cda-0a87ae2ba916","a3a7a4fc-a135-11e9-9cda-0a87ae2ba916",,"MLK Jr Dr & 47th St",11
"a3b42f5f-a135-11e9-9cda-0a87ae2ba916","a3b42f5f-a135-11e9-9cda-0a87ae2ba916",,"Central Park Ave & Bloomingdale Ave",11
"a3b128de-a135-11e9-9cda-0a87ae2ba916","a3b128de-a135-11e9-9cda-0a87ae2ba916",,"Karlov Ave & Madison St",11
"a3b2b419-a135-11e9-9cda-0a87ae2ba916","a3b2b419-a135-11e9-9cda-0a87ae2ba916",,"Wabash Ave & 83rd St",11
"a3ade2c3-a135-11e9-9cda-0a87ae2ba916","a3ade2c3-a135-11e9-9cda-0a87ae2ba916",,"California Ave & 23rd Pl",11
"a3ada002-a135-11e9-9cda-0a87ae2ba916","a3ada002-a135-11e9-9cda-0a87ae2ba916",,"Cottage Grove Ave & 67th St",11
"a3b1db23-a135-11e9-9cda-0a87ae2ba916","a3b1db23-a135-11e9-9cda-0a87ae2ba916",,"Kostner Ave & Adams St",11
"a3b1cf80-a135-11e9-9cda-0a87ae2ba916","a3b1cf80-a135-11e9-9cda-0a87ae2ba916",,"Laramie Ave & Gladys Ave",11
"a3b43eb7-a135-11e9-9cda-0a87ae2ba916","a3b43eb7-a135-11e9-9cda-0a87ae2ba916",,"Western Ave & Fillmore St",11
"a3b2659d-a135-11e9-9cda-0a87ae2ba916","a3b2659d-a135-11e9-9cda-0a87ae2ba916",,"State St & 76th St",11
"a3add365-a135-11e9-9cda-0a87ae2ba916","a3add365-a135-11e9-9cda-0a87ae2ba916",,"Kedzie Ave & 21st St",11
"a3b28b4a-a135-11e9-9cda-0a87ae2ba916","a3b28b4a-a135-11e9-9cda-0a87ae2ba916",,"Phillips Ave & 79th St",11
"a3ae82e0-a135-11e9-9cda-0a87ae2ba916","a3ae82e0-a135-11e9-9cda-0a87ae2ba916",,"Warren Park West",11
"a3afc858-a135-11e9-9cda-0a87ae2ba916","a3afc858-a135-11e9-9cda-0a87ae2ba916",,"Pulaski Rd & Eddy St",11
"a3a7b936-a135-11e9-9cda-0a87ae2ba916","a3a7b936-a135-11e9-9cda-0a87ae2ba916",,"Prairie Ave & Garfield Blvd",11
"a3af1cec-a135-11e9-9cda-0a87ae2ba916","a3af1cec-a135-11e9-9cda-0a87ae2ba916",,"Maplewood Ave & Peterson Ave",11
"a3a706c0-a135-11e9-9cda-0a87ae2ba916","a3a706c0-a135-11e9-9cda-0a87ae2ba916",,"Damen Ave & Coulter St",7
"a3ac9834-a135-11e9-9cda-0a87ae2ba916","a3ac9834-a135-11e9-9cda-0a87ae2ba916",,"Kedzie Ave & Chicago Ave",11
"a3b0f5c9-a135-11e9-9cda-0a87ae2ba916","a3b0f5c9-a135-11e9-9cda-0a87ae2ba916",,"Austin Blvd & Chicago Ave",7
"a3b2956a-a135-11e9-9cda-0a87ae2ba916","a3b2956a-a135-11e9-9cda-0a87ae2ba916",,"Commercial Ave & 83rd St",11
"a3b2dcf0-a135-11e9-9cda-0a87ae2ba916","a3b2dcf0-a135-11e9-9cda-0a87ae2ba916",,"Wabash Ave & 87th St",11
"a3b0dc1f-a135-11e9-9cda-0a87ae2ba916","a3b0dc1f-a135-11e9-9cda-0a87ae2ba916",,"Conservatory Dr & Lake St",11
"a3a3983e-a135-11e9-9cda-0a87ae2ba916","a3a3983e-a135-11e9-9cda-0a87ae2ba916",,"Jeffery Blvd & 71st St",11
"a3b4aa91-a135-11e9-9cda-0a87ae2ba916","a3b4aa91-a135-11e9-9cda-0a87ae2ba916",,"South Chicago Ave & Elliot Ave",7
"a3aaf7bc-a135-11e9-9cda-0a87ae2ba916","a3aaf7bc-a135-11e9-9cda-0a87ae2ba916",,"Emerald Ave & 31st St",11
"1775509322900183222","1775509322900183222",,"Elizabeth St & Randolph St",11
"a3acfa38-a135-11e9-9cda-0a87ae2ba916","a3acfa38-a135-11e9-9cda-0a87ae2ba916",,"Yates Blvd & 75th St",11
"a3ada52f-a135-11e9-9cda-0a87ae2ba916","a3ada52f-a135-11e9-9cda-0a87ae2ba916",,"MLK Jr Dr & 63rd St",11
"98fe78dc-4efa-4b39-a47c-0d94abcdb221","98fe78dc-4efa-4b39-a47c-0d94abcdb221",,"Ewing Ave & Burnham Greenway",11
"a3a781a6-a135-11e9-9cda-0a87ae2ba916","a3a781a6-a135-11e9-9cda-0a87ae2ba916",,"State St & 29th St",11
"a3b24c1f-a135-11e9-9cda-0a87ae2ba916","a3b24c1f-a135-11e9-9cda-0a87ae2ba916",,"May St & 69th St",11
"a3b143aa-a135-11e9-9cda-0a87ae2ba916","a3b143aa-a135-11e9-9cda-0a87ae2ba916",,"Cicero Ave & Quincy St",11
"a3b2044b-a135-11e9-9cda-0a87ae2ba916","a3b2044b-a135-11e9-9cda-0a87ae2ba916",,"Elizabeth St & 47th St",11
"a3ad66e6-a135-11e9-9cda-0a87ae2ba916","a3ad66e6-a135-11e9-9cda-0a87ae2ba916",,"Ellis Ave & 53rd St",11
"a3acdff9-a135-11e9-9cda-0a87ae2ba916","a3acdff9-a135-11e9-9cda-0a87ae2ba916",,"Halsted St & 69th St",11
"a3b25b6d-a135-11e9-9cda-0a87ae2ba916","a3b25b6d-a135-11e9-9cda-0a87ae2ba916",,"Evans Ave & 75th St",7
"a3a7aa0e-a135-11e9-9cda-0a87ae2ba916","a3a7aa0e-a135-11e9-9cda-0a87ae2ba916",,"Indiana Ave & 40th St",11
"a3adaa52-a135-11e9-9cda-0a87ae2ba916","a3adaa52-a135-11e9-9cda-0a87ae2ba916",,"Eberhart Ave & 61st St",11
"8a677aec-442b-47b8-aff7-50852e1d26c0","8a677aec-442b-47b8-aff7-50852e1d26c0",,"Kedzie Ave & 110th St",11
"a3a80009-a135-11e9-9cda-0a87ae2ba916","a3a80009-a135-11e9-9cda-0a87ae2ba916",,"Wells St & 19th St",11
"a3a96fd5-a135-11e9-9cda-0a87ae2ba916","a3a96fd5-a135-11e9-9cda-0a87ae2ba916",,"Rhodes Ave & 32nd St",11
"a3a43a25-a135-11e9-9cda-0a87ae2ba916","a3a43a25-a135-11e9-9cda-0a87ae2ba916",,"Wabash Ave & Cermak Rd",11
"a3b12dfb-a135-11e9-9cda-0a87ae2ba916","a3b12dfb-a135-11e9-9cda-0a87ae2ba916",,"Pulaski Rd & Congress Pkwy",11
"a3aa017e-a135-11e9-9cda-0a87ae2ba916","a3aa017e-a135-11e9-9cda-0a87ae2ba916",,"Southport Ave & Clark St",11
"a3ade7de-a135-11e9-9cda-0a87ae2ba916","a3ade7de-a135-11e9-9cda-0a87ae2ba916",,"Millard Ave & 26th St",7
"a3b1f4fb-a135-11e9-9cda-0a87ae2ba916","a3b1f4fb-a135-11e9-9cda-0a87ae2ba916",,"Central Ave & Chicago Ave",11
"a3ae78ab-a135-11e9-9cda-0a87ae2ba916","a3ae78ab-a135-11e9-9cda-0a87ae2ba916",,"Warren Park East",11
"a3b27bcf-a135-11e9-9cda-0a87ae2ba916","a3b27bcf-a135-11e9-9cda-0a87ae2ba916",,"Greenwood Ave & 79th St",11
"a3b4497a-a135-11e9-9cda-0a87ae2ba916","a3b4497a-a135-11e9-9cda-0a87ae2ba916",,"State St & 54th St",11
"a3ad5764-a135-11e9-9cda-0a87ae2ba916","a3ad5764-a135-11e9-9cda-0a87ae2ba916",,"Calumet Ave & 51st St",11
"a3aa54a0-a135-11e9-9cda-0a87ae2ba916","a3aa54a0-a135-11e9-9cda-0a87ae2ba916",,"Seeley Ave & Roscoe St",11
"a3b43478-a135-11e9-9cda-0a87ae2ba916","a3b43478-a135-11e9-9cda-0a87ae2ba916",,"Latrobe Ave & Chicago Ave",7
"a3ad0ecb-a135-11e9-9cda-0a87ae2ba916","a3ad0ecb-a135-11e9-9cda-0a87ae2ba916",,"Cottage Grove Ave & 71st St",11
"a3a6de38-a135-11e9-9cda-0a87ae2ba916","a3a6de38-a135-11e9-9cda-0a87ae2ba916",,"Claremont Ave & Hirsch St",11
"a3accb60-a135-11e9-9cda-0a87ae2ba916","a3accb60-a135-11e9-9cda-0a87ae2ba916",,"Princeton Ave & Garfield Blvd",11
"a3ad327e-a135-11e9-9cda-0a87ae2ba916","a3ad327e-a135-11e9-9cda-0a87ae2ba916",,"Union Ave & Root St",11
"a3ae8d13-a135-11e9-9cda-0a87ae2ba916","a3ae8d13-a135-11e9-9cda-0a87ae2ba916",,"Western Ave & Granville Ave",11
"a3acc649-a135-11e9-9cda-0a87ae2ba916","a3acc649-a135-11e9-9cda-0a87ae2ba916",,"Halsted St & 51st St",11
"a3b2a9e7-a135-11e9-9cda-0a87ae2ba916","a3b2a9e7-a135-11e9-9cda-0a87ae2ba916",,"Cottage Grove Ave & 83rd St",11
"a3b2c354-a135-11e9-9cda-0a87ae2ba916","a3b2c354-a135-11e9-9cda-0a87ae2ba916",,"Kilbourn Ave & Irving Park Rd",11
"a3b213af-a135-11e9-9cda-0a87ae2ba916","a3b213af-a135-11e9-9cda-0a87ae2ba916",,"Throop St & 52nd St",7
"a3b39bb0-a135-11e9-9cda-0a87ae2ba916","a3b39bb0-a135-11e9-9cda-0a87ae2ba916",,"Fairbanks St & Superior St",11
"a3b0e141-a135-11e9-9cda-0a87ae2ba916","a3b0e141-a135-11e9-9cda-0a87ae2ba916",,"Wolcott Ave & Fargo Ave",11
"a3b23263-a135-11e9-9cda-0a87ae2ba916","a3b23263-a135-11e9-9cda-0a87ae2ba916",,"Racine Ave & 61st St",11
"a3ad37c2-a135-11e9-9cda-0a87ae2ba916","a3ad37c2-a135-11e9-9cda-0a87ae2ba916",,"Shields Ave & 43rd St",11
"a3a9984a-a135-11e9-9cda-0a87ae2ba916","a3a9984a-a135-11e9-9cda-0a87ae2ba916",,"Indiana Ave & 31st St",11
"a3adc3f6-a135-11e9-9cda-0a87ae2ba916","a3adc3f6-a135-11e9-9cda-0a87ae2ba916",,"Fairfield Ave & Roosevelt Rd",11
"a3ac88db-a135-11e9-9cda-0a87ae2ba916","a3ac88db-a135-11e9-9cda-0a87ae2ba916",,"Wood St & 35th St",11
"a3b0b801-a135-11e9-9cda-0a87ae2ba916","a3b0b801-a135-11e9-9cda-0a87ae2ba916",,"Spaulding Ave & Division St",11
"a3b2513d-a135-11e9-9cda-0a87ae2ba916","a3b2513d-a135-11e9-9cda-0a87ae2ba916",,"Vincennes Ave & 75th St",7
"a3acf4eb-a135-11e9-9cda-0a87ae2ba916","a3acf4eb-a135-11e9-9cda-0a87ae2ba916",,"Jeffery Blvd & 76th St",11
"a3b0ccad-a135-11e9-9cda-0a87ae2ba916","a3b0ccad-a135-11e9-9cda-0a87ae2ba916",,"Ridge Blvd & Howard St",11
"ee925757-31ce-41ad-9bb7-73b1bb363616","ee925757-31ce-41ad-9bb7-73b1bb363616",,"Bradley Park",11
"a3b1330c-a135-11e9-9cda-0a87ae2ba916","a3b1330c-a135-11e9-9cda-0a87ae2ba916",,"Kostner Ave & Lake St",11
"a3ace51b-a135-11e9-9cda-0a87ae2ba916","a3ace51b-a135-11e9-9cda-0a87ae2ba916",,"Perry Ave & 69th St",11
"a3aded13-a135-11e9-9cda-0a87ae2ba916","a3aded13-a135-11e9-9cda-0a87ae2ba916",,"Albany Ave & 26th St",11
"a3b1ca28-a135-11e9-9cda-0a87ae2ba916","a3b1ca28-a135-11e9-9cda-0a87ae2ba916",,"Central Ave & Madison St",11
"a3afebff-a135-11e9-9cda-0a87ae2ba916","a3afebff-a135-11e9-9cda-0a87ae2ba916",,"Keystone Ave & Montrose Ave",11
"a3b0fff9-a135-11e9-9cda-0a87ae2ba916","a3b0fff9-a135-11e9-9cda-0a87ae2ba916",,"Oakley Ave & Touhy Ave",11
"a3b2a4ca-a135-11e9-9cda-0a87ae2ba916","a3b2a4ca-a135-11e9-9cda-0a87ae2ba916",,"Ellis Ave & 83rd St",11
"a3a54cdb-a135-11e9-9cda-0a87ae2ba916","a3a54cdb-a135-11e9-9cda-0a87ae2ba916",,"Stony Island Ave & 67th St",11
"a3b1e065-a135-11e9-9cda-0a87ae2ba916","a3b1e065-a135-11e9-9cda-0a87ae2ba916",,"Damen Ave & Pershing Rd",11
"a3a98e37-a135-11e9-9cda-0a87ae2ba916","a3a98e37-a135-11e9-9cda-0a87ae2ba916",,"Stony Island Ave & 75th St",11
"a3b44eba-a135-11e9-9cda-0a87ae2ba916","a3b44eba-a135-11e9-9cda-0a87ae2ba916",,"Elizabeth St & 59th St",7
"a3b4590f-a135-11e9-9cda-0a87ae2ba916","a3b4590f-a135-11e9-9cda-0a87ae2ba916",,"Stewart Ave & 63rd St",11
"a3b1e588-a135-11e9-9cda-0a87ae2ba916","a3b1e588-a135-11e9-9cda-0a87ae2ba916",,"Ashland Ave & Pershing Rd",11
"a3b2af02-a135-11e9-9cda-0a87ae2ba916","a3b2af02-a135-11e9-9cda-0a87ae2ba916",,"MLK Jr Dr & 83rd St",11
"a3b3a0c8-a135-11e9-9cda-0a87ae2ba916","a3b3a0c8-a135-11e9-9cda-0a87ae2ba916",,"Orleans St & Hubbard St",11
"a3a99346-a135-11e9-9cda-0a87ae2ba916","a3a99346-a135-11e9-9cda-0a87ae2ba916",,"Cottage Grove Ave & 43rd St",11
"a3ad47f8-a135-11e9-9cda-0a87ae2ba916","a3ad47f8-a135-11e9-9cda-0a87ae2ba916",,"Princeton Ave & 47th St",11
"a3ad09b2-a135-11e9-9cda-0a87ae2ba916","a3ad09b2-a135-11e9-9cda-0a87ae2ba916",,"South Shore Dr & 74th St",11
"a3b443ce-a135-11e9-9cda-0a87ae2ba916","a3b443ce-a135-11e9-9cda-0a87ae2ba916",,"Archer (Damen) Ave & 37th St",11
"a3ae6e48-a135-11e9-9cda-0a87ae2ba916","a3ae6e48-a135-11e9-9cda-0a87ae2ba916",,"Western Ave & 28th St",11
"a3adb48a-a135-11e9-9cda-0a87ae2ba916","a3adb48a-a135-11e9-9cda-0a87ae2ba916",,"Kedzie Ave & Harrison St",11
"a3a762a1-a135-11e9-9cda-0a87ae2ba916","a3a762a1-a135-11e9-9cda-0a87ae2ba916",,"Stave St & Armitage Ave",11
"a3b11ea4-a135-11e9-9cda-0a87ae2ba916","a3b11ea4-a135-11e9-9cda-0a87ae2ba916",,"Austin Blvd & Lake St",11
"a3b26fee-a135-11e9-9cda-0a87ae2ba916","a3b26fee-a135-11e9-9cda-0a87ae2ba916",,"Vernon Ave & 79th St",11
"1859027847673133268","1859027847673133268",,"Monticello Ave & Lawrence Ave",11
"a3b2767f-a135-11e9-9cda-0a87ae2ba916","a3b2767f-a135-11e9-9cda-0a87ae2ba916",,"Cottage Grove Ave & 78th St",11
"a3aff10c-a135-11e9-9cda-0a87ae2ba916","a3aff10c-a135-11e9-9cda-0a87ae2ba916",,"Avers Ave & Belmont Ave",11
"a3b123c5-a135-11e9-9cda-0a87ae2ba916","a3b123c5-a135-11e9-9cda-0a87ae2ba916",,"Central Park Blvd & 5th Ave",11
"a3ae687f-a135-11e9-9cda-0a87ae2ba916","a3ae687f-a135-11e9-9cda-0a87ae2ba916",,"California Ave & 26th St",11
"a3afe1dc-a135-11e9-9cda-0a87ae2ba916","a3afe1dc-a135-11e9-9cda-0a87ae2ba916",,"Western Ave & Roscoe St",11
"a3af71a9-a135-11e9-9cda-0a87ae2ba916","a3af71a9-a135-11e9-9cda-0a87ae2ba916",,"Kedzie Ave & Foster Ave",11
"a3a639f5-a135-11e9-9cda-0a87ae2ba916","a3a639f5-a135-11e9-9cda-0a87ae2ba916",,"Calumet Ave & 33rd St",11
"a3b2cd97-a135-11e9-9cda-0a87ae2ba916","a3b2cd97-a135-11e9-9cda-0a87ae2ba916",,"Knox Ave & Montrose Ave",11
"a3a71b0a-a135-11e9-9cda-0a87ae2ba916","a3a71b0a-a135-11e9-9cda-0a87ae2ba916",,"May St & Cullerton St",11
"a3a36d9e-a135-11e9-9cda-0a87ae2ba916","a3a36d9e-a135-11e9-9cda-0a87ae2ba916",,"Buckingham Fountain",0
"1806749740082741752","1806749740082741752",,"Public Rack - Milwaukee Ave & Lawrence Ave",2
"1677249828124104782","1677249828124104782",,"Public Rack - Halsted St & 80th St",1
"1561012887305957948","1561012887305957948",,"Lawndale Ave & 16th St",9
"1674190617504132144","1674190617504132144",,"Public Rack - Springfield Ave & 63rd St",1
"1677249819534170178","1677249819534170178",,"Public Rack - Drexel Ave & 87th St",1
"1715823808259938858","1715823808259938858",,"Public Rack - Kenneth Ave & 63rd St E",1
"1806753657092916072","1806753657092916072",,"Public Rack - Oak Park & Higgins",2
"1674190651863870576","1674190651863870576",,"Public Rack - Washtenaw Ave & Superior St",5
"1674190295381584388","1674190295381584388",,"Public Rack - Evans Ave & 63rd St",2
"1674190510129949570","1674190510129949570",,"Public Rack - Mozart Elementary School",6
"1806753644208014090","1806753644208014090",,"Public Rack - Homan & 77th",2
"1674190308266486300","1674190308266486300",,"Public Rack - Forrestville Ave & 47th St",1
"1806749744377709078","1806749744377709078",,"Public Rack - William J Onahan Public School",4
"1674190364101061262","1674190364101061262",,"Public Rack - Karlov Ave & Kamerling Ave",2
"1575949489503728316","1575949489503728316",,"Monticello Ave & Chicago Ave",6
"1806749748672676380","1806749748672676380",,"Public Rack - Northwest Hwy & Raven St",4
"1806749718607905154","1806749718607905154",,"Public Rack - Pulaski Rd & 83rd St",2
"1677249853893908598","1677249853893908598",,"Public Rack - Walden Pkwy & 99th St",1
"1594046456830870690","1594046456830870690",,"Troy St & Grace St",9
"1674190278201715172","1674190278201715172",,"Public Rack - Damen Ave & 47th St",1
"1674190175122499898","1674190175122499898",,"Public Rack - Avenue J & 102nd St",2
"1806753665682850712","1806753665682850712",,"Public Rack - St Louis & Columbus",2
"1674190239547009450","1674190239547009450",,"Public Rack - Chopin Park",1
"1806749744377709060","1806749744377709060",,"Public Rack - 4810 Keeler Ave",2
"1677249875368745112","1677249875368745112",,"Public Rack - Pullman - Walmart",1
"1594041781399920504","1594041781399920504",,"Tripp Ave & 65th St",9
"1806753631323112140","1806753631323112140",,"Public Rack - Avers & Lawrence",2
"1674190213777205624","1674190213777205624",,"Public Rack - California Ave & Ogden Ave",1
"1715823796884267966","1715823796884267966",,"Public Rack - Komensky Ave & 63rd St",1
"1674190651863870574","1674190651863870574",,"Public Rack - Washtenaw Ave & 63rd St",2
"1674190213777205626","1674190213777205626",,"Public Rack - California Ave & Pershing Rd",10
"1674190179417467196","1674190179417467196",,"Public Rack - Avenue J & 106th St",1
"1806749761557578338","1806749761557578338",,"Public Rack - Osceola Ave & Touhy Ave",4
"1677249871073777806","1677249871073777806",,"Public Rack - Laflin St & 51st St",2
"1674190501540014954","1674190501540014954",,"Public Rack - Midway Orange Line",1
"1674190561669557204","1674190561669557204",,"Public Rack - Percy Julian HS",3
"1806753665682850716","1806753665682850716",,"Public Rack - St Louis & Lincoln",2
"1674190368396028562","1674190368396028562",,"Public Rack - Kedvale Ave & Avondale Ave",2
"1695776944055742932","1695776944055742932",,"Public Rack - Laporte Ave & Armitage Ave",2
"1594046370923369114","1594046370923369114",,"Francisco Ave & Chicago Ave",9
"1674190660453805188","1674190660453805188",,"Public Rack - Western Ave & 100th St",2
"1674190471475243834","1674190471475243834",,"Public Rack - Marshfield Ave & 45th St",1
"1806753635618079454","1806753635618079454",,"Public Rack - Central & Prescott",2
"1674190656158837886","1674190656158837886",,"Public Rack - West Chatham Park",2
"1674190359806093956","1674190359806093956",,"Public Rack - Jeffrey Blvd & 71st St",1
"1715823829734775370","1715823829734775370",,"Public Rack - Maplewood Ave & 47th St",1
"1674190638978968660","1674190638978968660",,"Public Rack - Trumbull Ave & 111th St",1
"1436495105198659242","1436495105198659242",,"W Armitage Ave & N Sheffield Ave",8
"1715846688321143646","1715846688321143646",,"Public Rack - Grand Ave & Lawndale Ave",2
"1715823796884267962","1715823796884267962",,"Public Rack - Lawndale & 63rd St",1
"1571105055115583500","1571105055115583500",,"Roscoe & Harlem",9
"1677249871073777812","1677249871073777812",,"Public Rack - Ada St & 119th St",1
"1674190510129949566","1674190510129949566",,"Public Rack - Morgan St & 87th St",1
"1677249836714039390","1677249836714039390",,"Public Rack - Lawndale Ave & 111th St",1
"1674190613209164836","1674190613209164836",,"Public Rack - South Shore High School",3
"1674190312561453616","1674190312561453616",,"Public Rack - Halsted St & 64th St",2
"1806753644208014094","1806753644208014094",,"Public Rack - Homan & 79th",2
"1806753639913046780","1806753639913046780",,"Public Rack - Forest Glen & Peterson",2
"1575949523863466730","1575949523863466730",,"Long Ave & North Ave",9
"1806749757262611032","1806749757262611032",,"Public Rack - Ottowa Ave & Touhy Ave",2
"1677249815239202876","1677249815239202876",,"Public Rack - Cottage Grove Ave & 89th Pl",1
"1677249772289529870","1677249772289529870",,"Public Rack - Spaulding Ave & Foster Ave",1
"1827474409018810998","1827474409018810998",,"Public Rack - Wilbur Wright College North",3
"1674190209482238320","1674190209482238320",,"Public Rack - California Ave & Cortez St",2
"1677249823829137480","1677249823829137480",,"Public Rack - Ada St & 79th St",2
"1500206163166594382","1500206163166594382",,"Ping Tom Park (East)",9
"1806749748672676386","1806749748672676386",,"Public Rack - Mason Ave & Milwaukee Ave",2
"1674190265316813262","1674190265316813262",,"Public Rack - Cottage Grove & 85th St",1
"1582242285272847904","1582242285272847904",,"Maplewood Ave & 59th St",9
"1806749727197839824","1806749727197839824",,"Public Rack - Irving Park Rd & Parkside Ave",4
"1622724289952663440","1622724289952663440",,"La Villita Park (Albany/30th)",9
"1674190488655113046","1674190488655113046",,"Public Rack - Menard Ave & Dakin St - midblock",2
"1436495119852630436","1436495119852630436",,"N Damen Ave & W Chicago Ave",6
"1674190570259491812","1674190570259491812",,"Public Rack - Prairie Ave & 85th St",2
"1715823829734775372","1715823829734775372",,"Public Rack - Western Ave & 47th Pl",1
"1806753665682850702","1806753665682850702",,"Public Rack - Sayer & Northwest Hwy",2
"1674190415640668886","1674190415640668886",,"Public Rack - Kimbark Ave & 67th St",2
"1806753652797948746","1806753652797948746",,"Public Rack - N. Oakview and W. Gregory St",2
"1715823822654071768","1715823822654071768",,"Public Rack - Hoyne Ave & 51st St",2
"1674190638978968664","1674190638978968664",,"Public Rack - Vincennes Ave & 87th St",1
"1806749748672676394","1806749748672676394",,"Public Rack - Kedvale Ave & Peterson Ave",4
"1674190355511126658","1674190355511126658",,"Public Rack - Jeffery Blvd & 83rd St",1
"1806753647178082938","1806753647178082938",,"Public Rack - Leader & Caldwell",2
"1674190608914197532","1674190608914197532",,"Public Rack - Sacramento Blvd & Washington Blvd",2
"1806749731492807132","1806749731492807132",,"Public Rack - Lavergne Ave & Belle Plaine Ave",3
"1715846708743717234","1715846708743717234",,"Public Rack - St Louis Ave & Flournoy St",1
"1674190673338707098","1674190673338707098",,"Public Rack - Western Ave & 92nd Pl",2
"1582242289567815208","1582242289567815208",,"Rockwell St & 63rd St",6
"1677249858188875902","1677249858188875902",,"Public Rack - Normal Blvd & 61st Pl",2
"1594046422462976738","1594046422462976738",,"Kedzie Ave & George St",9
"1674190140762761456","1674190140762761456",,"Public Rack - 2302 S Pulaski Rd",1
"1674190424230603488","1674190424230603488",,"Public Rack - Kostner Ave & Lake St",1
"1695776991300383220","1695776991300383220",,"Public Rack - Western Ave & 107th St",1
"1674190183712434508","1674190183712434508",,"Public Rack - Avers Ave & Ogden Ave",2
"1806753648502981414","1806753648502981414",,"Public Rack - Kostner & Bryn Mawr",2
"1448642183732401786","1448642183732401786",,"Woodlawn & 103rd",10
"1695777019609488196","1695777019609488196",,"Public Rack - Langley Ave & 49th St",3
"1674190407050734272","1674190407050734272",,"Public Rack - Kenton Ave & Palmer St",1
"1674190467180276532","1674190467180276532",,"Public Rack - Mackinaw Ave & 108th St",1
"1806753639913046778","1806753639913046778",,"Public Rack - Ford City Mall",2
"1715823821144840768","1715823821144840768",,"Public Rack - Laflin St &51st ST",2
"1695780078787721700","1695780078787721700",,"Public Rack - Peterson Ave & Drake Ave",2
"1674190613209164838","1674190613209164838",,"Public Rack - Spaulding Ave & Bryn Mawr Ave",2
"1448642179437434486","1448642179437434486",,"Martin Luther King Dr & 111th St",6
"1806749731492807146","1806749731492807146",,"Public Rack - Mont Clare Ave & Higgins Ave",2
"1677249785174431768","1677249785174431768",,"Public Rack - Kedvale Ave & Addison St",2
"1674190544489687994","1674190544489687994",,"Public Rack - Ozark Ave & Addison St",2
"1674190428525570794","1674190428525570794",,"Public Rack - Lafayette Ave & 87th St SW",1
"1594046448232780548","1594046448232780548",,"California Ave & 29th St",9
"1806753661387883376","1806753661387883376",,"Public Rack - Ozman & Talcott",2
"1674190411345701574","1674190411345701574",,"Public Rack - Keystone Ave & North Ave",1
"1674190321151388226","1674190321151388226",,"Public Rack - Hamilton Ave & 95th St",2
"1674190183712434502","1674190183712434502",,"Public Rack - Avenue O & 118th St",1
"1806753652797948726","1806753652797948726",,"Public Rack - Lynch & Elston",2
"1563698692616359928","1563698692616359928",,"Lavergne & Fullerton",9
"1521690221159885714","1521690221159885714",,"Hampden Ct & Diversey Ave",8
"1695776961235612130","1695776961235612130",,"Public Rack - Perry Ave & 111th St",1
"1806753652797948744","1806753652797948744",,"Public Rack - Mulligan & Northwest Hwy",2
"1695776937826575008","1695776937826575008",,"Public Rack - Pulaski Rd & 5th Ave",1
"1677249862483843200","1677249862483843200",,"Public Rack - Wolcott Ave & 61st St",4
"1561012900190859852","1561012900190859852",,"Tripp Ave & 31st St",9
"1575949515273532130","1575949515273532130",,"Kildare Ave & Chicago Ave",9
"1674190269611780566","1674190269611780566",,"Public Rack - Cottage Grove Ave & 75th St",1
"1806749757262611038","1806749757262611038",,"Public Rack - Touhy Ave & Oconto Ave",4
"1806749748672676392","1806749748672676392",,"Public Rack - Bryn Mawr Ave & Milwaukee Ave",4
"1677249862483843204","1677249862483843204",,"Public Rack - Emerald Ave & 43rd St",2
"1674190596029295628","1674190596029295628",,"Public Rack - Robert Fulton Elementary School",2
"1806749752967643692","1806749752967643692",,"Public Rack - Pulaski Rd & Stevens Ave",2
"1806753661387883384","1806753661387883384",,"Public Rack - Pulaski & 74th",2
"1715823795375036962","1715823795375036962",,"Public Rack - Maplewood Ave & 63rd St",1
"1674190256726878654","1674190256726878654",,"Public Rack - Cicero Ave & Roscoe St",1
"1677249841009006694","1677249841009006694",,"Public Rack - Homewood Ave & Monterey Ave",1
"1674190162237597978","1674190162237597978",,"Public Rack - Ashland Ave & 46th St",1
"1674190574554459112","1674190574554459112",,"Public Rack - Princeton Ave & 99th Pl",1
"1806753661387883378","1806753661387883378",,"Public Rack - Parkside & 63rd",2
"1674190488655113048","1674190488655113048",,"Public Rack - Menard Ave & Grand Ave",2
"1806749755937712544","1806749755937712544",,"Public Rack - Devon Ave & Minnehaha Ave (west)",2
"1674190686223609002","1674190686223609002",,"Public Rack - Wood St & 103rd St",1
"1674190351216159354","1674190351216159354",,"Public Rack - Indiana Ave & 111th St",9
"1806753664357952126","1806753664357952126",,"Public Rack - Sacramento & 71st",2
"1677249888253647022","1677249888253647022",,"Public Rack - Michigan Ave & 125th Pl",1
"1695776969825546726","1695776969825546726",,"Public Rack - Ave N & 106th St",1
"1674190149352696066","1674190149352696066",,"Public Rack - Ada St & 95th St",1
"1806749748672676384","1806749748672676384",,"Public Rack - Holbrook St & Milwaukee Ave",4
"1806749757262611030","1806749757262611030",,"Public Rack - Brooks Park",3
"1806753635618079452","1806753635618079452",,"Public Rack - Central & Leland",2
"1561012870126088746","1561012870126088746",,"Keeler Ave & Roosevelt Rd",9
"1674190527309818774","1674190527309818774",,"Public Rack - Neva Ave & Grand Ave",1
"1677249793764366376","1677249793764366376",,"Public Rack - Ellis Ave & 132nd Pl",1
"1674190338331257440","1674190338331257440",,"Public Rack - Hermitage & 83rd St",1
"1695777017650221152","1695777017650221152",,"Public Rack - Pulaski Rd & Lake St",1
"1806753669977818022","1806753669977818022",,"Public Rack - Western & 79th",4
"1806749718607905172","1806749718607905172",,"Public Rack - Kedzie Ave & 83rd St",2
"1594046413873042136","1594046413873042136",,"Sacramento Blvd & Addison St",9
"1436495109493626546","1436495109493626546",,"N Green St & W Lake St",8
"1594046431052911340","1594046431052911340",,"Campbell Ave & Irving Park Rd",9
"1674190342626224744","1674190342626224744",,"Public Rack - Honore St & 87th St",1
"1695776956940644828","1695776956940644828",,"Public Rack - Halsted St & 113th St",1
"1677249883958679722","1677249883958679722",,"Public Rack - Bensley Ave & 103rd St",1
"1806753631323112142","1806753631323112142",,"Public Rack - California & 82nd",2
"1806749722902872486","1806749722902872486",,"Public Rack - 63rd St and Nagle Ave",2
"1683527931525155818","1683527931525155818",,"Public Rack - Drake Ave & Leland Ave",2
"1673852326282066544","1673852326282066544",,"Public Rack - California Ave & Touhy Ave - NW",1
"1677249875368745110","1677249875368745110",,"Public Rack - Pullman Community Center",1
"1448642162257565290","1448642162257565290",,"S Aberdeen St & W 106th St",3
"1674190346921192042","1674190346921192042",,"Public Rack - Honore St & 87th St - SE",1
"1673852313397164648","1673852313397164648",,"Public Rack - Francisco Ave & Touhy Ave",2
"1622723153590485808","1622723153590485808",,"Mayfield & Roosevelt Rd",9
"1563698701206292486","1563698701206292486",,"Kilbourn & Roscoe",9
"1582242302452717116","1582242302452717116",,"Kedzie Ave & 52nd St",9
"1806753652797948734","1806753652797948734",,"Public Rack - Melvina & Foster",2
"1715823792589300662","1715823792589300662",,"Public Rack - Whipple St & 63rd St",1
"1806753657092916070","1806753657092916070",,"Public Rack - Norwood Park",2
"1677249793764366370","1677249793764366370",,"Public Rack - Homan Ave & 26th St",1
"1674190677633674404","1674190677633674404",,"Public Rack - Whipple St & 26th St",2
"1674190694813543598","1674190694813543598",,"Public Rack - Yates Ave & 100th St",2
"1674190338331257442","1674190338331257442",,"Public Rack - Hiawatha Park",1
"1674190596029295624","1674190596029295624",,"Public Rack - Rhodes Ave & 79th St",1
"1594046443937813244","1594046443937813244",,"Western Ave & Gunnison St",9
"1594046435347878644","1594046435347878644",,"Lincoln Ave & Balmoral Ave",9
"1806753652797948724","1806753652797948724",,"Public Rack - Lockwood & Archer",2
"1674190226662107534","1674190226662107534",,"Public Rack - Central Ave & Corcoran Pl",1
"1674190690518576300","1674190690518576300",,"Public Rack - Yale Ave & 119th St",1
"1674190183712434506","1674190183712434506",,"Public Rack - Avers Ave & Irving Park Rd",2
"1674190381280930476","1674190381280930476",,"Public Rack - Kedzie Ave & 64th St - SW",2
"1806753652797948740","1806753652797948740",,"Public Rack - Mozart & 79th",2
"1677249849598941294","1677249849598941294",,"Public Rack - Hale Ave & 111th St",1
"1561012891600925250","1561012891600925250",,"Homan Ave & Fillmore St",9
"1674190497245047656","1674190497245047656",,"Public Rack - Michigan Ave & 96th St",3
"1571105063705518106","1571105063705518106",,"Meade Ave & Addison St",9
"1806753639913046768","1806753639913046768",,"Public Rack - Cumberland & Catherine",2
"1674190295381584396","1674190295381584396",,"Public Rack - Ewing Ave & 105th St",1
"1674190166532565282","1674190166532565282",,"Public Rack - Ashland Ave & 76th St",2
"1674190523014851472","1674190523014851472",,"Public Rack - N Sayre Ave & W Belden Ave",1
"1806749731492807126","1806749731492807126",,"Public Rack - Cicero Ave & Belle Plaine Ave",4
"1674190669043739800","1674190669043739800",,"Public Rack - Western Ave & 79th St",1
"1806749718607905164","1806749718607905164",,"Public Rack - 83rd Pl & Kedzie Ave N",2
"1683527952999991298","1683527952999991298",,"Public Rack - Lorel Ave & Grand Ave",10
"1436495105198659246","1436495105198659246",,"N Carpenter St & W Lake St",6
"1806753665682850718","1806753665682850718",,"Public Rack - Troy & 71st",2
"1677249883958679720","1677249883958679720",,"Public Rack - Torrence Ave & 103rd St",1
"1674190346921192050","1674190346921192050",,"Public Rack - Hyde Park Blvd & 53rd St",6
"1715846709795980144","1715846709795980144",,"Public Rack - Homan Ave & Roosevelt",1
"1674190445705440012","1674190445705440012",,"Public Rack - Lawndale Ave & Diversey Ave",1
"1674190480065178438","1674190480065178438",,"Public Rack - McCormick Blvd & Devon Ave",3
"1806753657092916074","1806753657092916074",,"Public Rack - Odell & Talcott",2
"1806749731492807130","1806749731492807130",,"Public Rack - Milwaukee Ave & Culyer Ave",2
"1677249841009006688","1677249841009006688",,"Public Rack - Christiana Ave & 111th St",1
"1674190355511126654","1674190355511126654",,"Public Rack - Jeffery Blvd & 67th St",1
"1674190531604786076","1674190531604786076",,"Public Rack - Newcastle Ave & Belmont Ave",2
"1674190407050734268","1674190407050734268",,"Public Rack - Keeler Ave & Madison St S",3
"1806753657092916062","1806753657092916062",,"Public Rack - Neva & Foster",2
"1674190621799099448","1674190621799099448",,"Public Rack - Stewart Ave & 123rd St",5
"1571105055115583502","1571105055115583502",,"Orange & Addison",9
"1683527967940622362","1683527967940622362",,"Public Rack - Washtenaw Ave & Devon Ave",1
"1806749731492807140","1806749731492807140",,"Public Rack - Milwaukee Ave & Leland Ave",2
"1715846718385914742","1715846718385914742",,"Public Rack - Ashland Ave & 74th St",2
"1674190437115505410","1674190437115505410",,"Public Rack - Laramie Ave & Belmont Ave",2
"1677249785174431770","1677249785174431770",,"Public Rack - Kilbourn Ave & Fullerton Ave",1
"1806749725872941466","1806749725872941466",,"Public Rack - Central Ave & Pensacola Ave",2
"1674190278201715174","1674190278201715174",,"Public Rack - Damen Ave & 80th St",2
"1674190376985963176","1674190376985963176",,"Public Rack - Kedzie Ave & 64th St - SE",1
"1806753639913046782","1806753639913046782",,"Public Rack - Harlem & Palatine",2
"1448642188027369086","1448642188027369086",,"Indiana Ave & 133rd St",6
"1674190617504132142","1674190617504132142",,"Public Rack - Spencer Elementary Technology Academy",2
"1674190647568903272","1674190647568903272",,"Public Rack - Wallace St & 112 St",3
"1674190424230603494","1674190424230603494",,"Public Rack - Lafayette Ave & 119th St",1
"1674190497245047650","1674190497245047650",,"Public Rack - Michigan Ave & 110th St",1
"1806749727197839826","1806749727197839826",,"Public Rack - Irving Park Rd & Melvina Ave",4
"1674190553079622600","1674190553079622600",,"Public Rack - Parnell Ave & 98th St",2
"1594046465420805300","1594046465420805300",,"Western Ave & Ardmore Ave",9
"1715823816849873466","1715823816849873466",,"Public Rack - Throop St & 48t ST",1
"1594046456822715152","1594046456822715152",,"Richmond St & Lincoln Ave",6
"1674190299676551694","1674190299676551694",,"Public Rack - Ewing Ave & 106th St NW",1
"1593766347538293664","1593766347538293664",,"Kildare Ave & 47th St",6
"1674190402755766970","1674190402755766970",,"Public Rack - Keeler Ave & 55th St",1
"1806749731492807134","1806749731492807134",,"Public Rack - Milwaukee Ave & Pensacola Ave",2
"1674190574554459120","1674190574554459120",,"Public Rack - Pulaski Rd & 15th St",1
"1674190200892303712","1674190200892303712",,"Public Rack - Bishop St & 46th St",1
"1594046383808271020","1594046383808271020",,"Washtenaw Ave & Madison St",9
"1674190626094066746","1674190626094066746",,"Public Rack - Stony Is Ave & 73rd St",2
"1674190261021845962","1674190261021845962",,"Public Rack - Corliss Ave & 103rd St",1
"1674190419935636188","1674190419935636188",,"Public Rack - Kolin Ave & Archer Ave",2
"1674190467180276528","1674190467180276528",,"Public Rack - Lowell Ave & Elston Ave",1
"1674190505834982262","1674190505834982262",,"Public Rack - Monticello Ave & Belmont Ave",2
"1674190535899753386","1674190535899753386",,"Public Rack - Normal Ave & 72nd St",4
"1695780074116615022","1695780074116615022",,"Public Rack - Richmond St & Thorndale Ave",10
"1674190157942630676","1674190157942630676",,"Public Rack - Archer Park",2
"1674190385575897778","1674190385575897778",,"Public Rack - Kedzie Ave & Arthington St",1
"1582242276682913304","1582242276682913304",,"Rockwell St & 57th St",6
"1575949519568499428","1575949519568499428",,"Hamlin Ave & Grand Ave",9
"1674190656158837882","1674190656158837882",,"Public Rack - Wentworth Ave & 79th St",1
"1563698688321392630","1563698688321392630",,"Long Ave & Belden Ave",9
"1674190308266486308","1674190308266486308",,"Public Rack - Greenwood Ave & Lake Park Ave",1
"1806749757262611036","1806749757262611036",,"Public Rack - Overhill Ave & Touhy Ave",2
"1674190179417467200","1674190179417467200",,"Public Rack - Avenue J & 112th St",2
"1674190312561453608","1674190312561453608",,"Public Rack - Halsted St & 102nd St",1
"1827474409018810988","1827474409018810988",,"Public Rack - Wentworth Park",1
"1674190660453805190","1674190660453805190",,"Public Rack - Western Ave & 104th St - East",2
"1674190192302369108","1674190192302369108",,"Public Rack - Baltimore Ave & 133rd St",2
"1677249845303973996","1677249845303973996",,"Public Rack - Western Ave & 118th St",1
"1575949493798695616","1575949493798695616",,"Kildare Ave & Division St",9
"1677249871073777808","1677249871073777808",,"Public Rack - Wood St & 47th St",1
"1674190170827532586","1674190170827532586",,"Public Rack - Austin Ave & Wrightwood Ave",1
"1806753648502981420","1806753648502981420",,"Public Rack - Leamington & Elston",2
"1806749727197839810","1806749727197839810",,"Public Rack - New England Ave & Irving Park Rd",2
"1561012874421056044","1561012874421056044",,"Pulaski Rd & 21st St",9
"1674190548784655292","1674190548784655292",,"Public Rack - Panama Ave & Forest Preserve Ave",2
"1674190145057728764","1674190145057728764",,"Public Rack - 83rd St (Avalon Park) Metra",1
"1674190235252042142","1674190235252042142",,"Public Rack - Chappel Ave & 71st St",2
"1806753644208014084","1806753644208014084",,"Public Rack - Harlem and W. 59th",2
"1674190634684001356","1674190634684001356",,"Public Rack - The Montessori School of Englewood",2
"1674190458590341928","1674190458590341928",,"Public Rack - Lotus Ave & Harrison St",1
"1674190604619230232","1674190604619230232",,"Public Rack - Sacramento Ave & Greenleaf Ave",6
"1674190407050734276","1674190407050734276",,"Public Rack - Keystone Ave & Irving Park Rd",2
"1674190527309818776","1674190527309818776",,"Public Rack - New England Ave & Grace St",1
"1806753661387883390","1806753661387883390",,"Public Rack - Pulaski & Ardmore",2
"1674190458590341924","1674190458590341924",,"Public Rack - Lorel Ave & Chicago Ave",2
"1674190424230603496","1674190424230603496",,"Public Rack - Lafayette Ave & 87th St - NW",1
"1806749752967643712","1806749752967643712",,"Public Rack - Northwest Hwy & Highland Ave",2
"1674190226662107536","1674190226662107536",,"Public Rack - Central Ave & George St",1
"1806749748672676390","1806749748672676390",,"Public Rack - Peterson Ave & Milwaukee Ave",2
"1563698675436490728","1563698675436490728",,"Meade Ave & Diversey Ave",9
"1715846705501012844","1715846705501012844",,"Public Rack - Lawndale Ave & Roosevelt",2
"1695776963774913278","1695776963774913278",,"Public Rack - Union Ave & 111th St",1
"1715846714090947442","1715846714090947442",,"Public Rack - Pulaski Rd & Grenshaw St",1
"1582242302452717114","1582242302452717114",,"Campbell Ave & 51st St",9
"1806749740082741758","1806749740082741758",,"Public Rack - Laramine Ave & Winnemac Ave",10
"1806749752967643706","1806749752967643706",,"Public Rack - Olmstead Ave & Oliphant Ave",4
"1806753661387883382","1806753661387883382",,"Public Rack - Parkside & Elston",2
"1806753648502981412","1806753648502981412",,"Public Rack - Kostner & 83rd",2
"1674190303971518998","1674190303971518998",,"Public Rack - Ewing Ave & 99th St",2
"1436495109493626544","1436495109493626544",,"W Washington Blvd & N Peoria St",9
"1571105046525650938","1571105046525650938",,"Shabbona Park",9
"1806753665682850706","1806753665682850706",,"Public Rack - Springfield & 79th",2
"1806753657092916052","1806753657092916052",,"Public Rack - Neenah & Archer",2
"1715846695858815334","1715846695858815334",,"Public Rack - Kildare Ave & North Ave",1
"1695776998116659702","1695776998116659702",,"Public Rack - Western Ave & 96th St",1
"1715846704448749936","1715846704448749936",,"Public Rack - Kedzie Ave & Walnut St",1
"1674190265316813260","1674190265316813260",,"Public Rack - Cottage Grove & 84th St",1
"1674190282496682476","1674190282496682476",,"Public Rack - East End Ave & 75th St",2
"1674190346921192048","1674190346921192048",,"Public Rack - Houston Ave & 91st St",1
"1715823812554906158","1715823812554906158",,"Public Rack - Homan Ave & 62nd Pl",1
"1582242280977880602","1582242280977880602",,"St Louis Ave & 59th St",9
"1674190441410472712","1674190441410472712",,"Public Rack - Laramie Ave & Warwick Ave",5
"1806753644208014088","1806753644208014088",,"Public Rack - Hiawatha & Mendota",2
"1806749731492807128","1806749731492807128",,"Public Rack - Milwaukee Ave & Sunnyside Ave",2
"1806753665682850704","1806753665682850704",,"Public Rack - Springfield & 71st",2
"1806749744377709062","1806749744377709062",,"Public Rack - Elston Ave & Kenneth Ave",2
"1677249793764366368","1677249793764366368",,"Public Rack - Kildare Ave & Division Ave",1
"1674190673338707100","1674190673338707100",,"Public Rack - Western Ave & Jarvis Ave",1
"1806749731492807138","1806749731492807138",,"Public Rack - Montrose Ave & Lavergne Ave",4
"1695776976641823202","1695776976641823202",,"Public Rack - Ewing Ave & 107th St",1
"1677249802354300980","1677249802354300980",,"Public Rack - Throop St & 109th Pl",4
"1674190239547009456","1674190239547009456",,"Public Rack - Christiana Ave & Archer Ave",1
"1674190196597336406","1674190196597336406",,"Public Rack - Baltimore Ave & 134th St",1
"1594046383808271024","1594046383808271024",,"Troy St & Jackson Blvd",9
"1806753648502981402","1806753648502981402",,"Public Rack - Kenneth & Carmen",2
"1806753655768017532","1806753655768017532",,"Public Rack - Newcastle & Archer",2
"1674190484360145746","1674190484360145746",,"Public Rack - Menard Ave & Agusta Blvd",1
"1806753652797948750","1806753652797948750",,"Public Rack - Nagel & Higgins",2
"1715823816849873464","1715823816849873464",,"Public Rack - Talman Ave & Pershing Rd",1
"1674190376985963174","1674190376985963174",,"Public Rack - Kedzie Ave & 63rd St",1
"1806749752967643694","1806749752967643694",,"Public Rack - Lemont Ave & Keating Ave",7
"1715846691563848024","1715846691563848024",,"Public Rack - Division St & Christiana Ave",2
"1674190209482238318","1674190209482238318",,"Public Rack - Burnside Academy",2
"1674190372690995870","1674190372690995870",,"Public Rack - Kedzie Ave & 54th St - SW",1
"1806749731492807136","1806749731492807136",,"Public Rack - Irving Park Rd & Leclaire Ave",2
"1674190162237597974","1674190162237597974",,"Public Rack - Ashland Ave & 45th St",1
"1683527935820123118","1683527935820123118",,"Public Rack - Exchange Ave & 73rd Pl",1
"1674190196597336414","1674190196597336414",,"Public Rack - Bennett Ave & 96th St",2
"1806749731492807142","1806749731492807142",,"Public Rack - Oak Park Ave & Foster Ave",10
"1594041785694887804","1594041785694887804",,"Pulaski & Ann Lurie Pl",9
"1594046392398205628","1594046392398205628",,"Albany Ave & Douglas Blvd",9
"1674190218072172928","1674190218072172928",,"Public Rack - Calumet Ave & 51st St",1
"1674190200892303714","1674190200892303714",,"Public Rack - Bradley Park",1
"1806749740082741754","1806749740082741754",,"Public Rack - Lotus Ave & Lawrence Ave",2
"1575949528657471478","1575949528657471478",,"Menard Ave & North Ave",9
"1806753669977818016","1806753669977818016",,"Public Rack - W. Talcott & N. Oriole",2
"1448642179437434482","1448642179437434482",,"W 103rd St & S Avers Ave",10
"1674190591734328326","1674190591734328326",,"Public Rack - Racine Ave & 83rd St",1
"1677249836714039386","1677249836714039386",,"Public Rack - Baker Ave & 863rd Pl",1
"1806753639913046766","1806753639913046766",,"Public Rack - Columbus & 79th",2
"1582242319632586320","1582242319632586320",,"Archer Ave & 43rd St",6
"1677249841009006690","1677249841009006690",,"Public Rack - Troy & 111th St",1
"1594046379513303720","1594046379513303720",,"Western Ave & Lake St",6
"1594041781399920506","1594041781399920506",,"Springfield Ave & 47th St",9
"1674190480065178436","1674190480065178436",,"Public Rack - May St & 78th St",1
"1806753665682850694","1806753665682850694",,"Public Rack - S. Kilpatrick and W. 79th",4
"1674190647568903268","1674190647568903268",,"Public Rack - Wabash Ave & 87th St",1
"1677249875368745118","1677249875368745118",,"Public Rack - Pullman - Ross Dress for Less",1
"1674190256726878660","1674190256726878660",,"Public Rack - Cicero Ave & Wrightwood Ave",4
"1677249815239202874","1677249815239202874",,"Public Rack - Green St & 103rd St",1
"1674190286791649784","1674190286791649784",,"Public Rack - Eli Whitney Public School",1
"1594046452527747848","1594046452527747848",,"Elston Ave & George St",9
"1575949506683597526","1575949506683597526",,"Narragansett & McLean",9
"1715823812554906162","1715823812554906162",,"Public Rack - Kedzie Ave & 62nd Pl",1
"1806749722902872480","1806749722902872480",,"Public Rack - 63rd St & Meade Ave",2
"1448642162257565286","1448642162257565286",,"S Wentworth Ave & W 111th St",5
"1806753635618079462","1806753635618079462",,"Public Rack - Cicero & 64th",2
"1695780087377656308","1695780087377656308",,"Public Rack - Hamlin Ave & Madison St",1
"1582242323927553626","1582242323927553626",,"Western Ave & 62nd St",1
"1683527950760754174","1683527950760754174",,"Public Rack - Lawndale Ave & 63rd St",1
"1695776968069880576","1695776968069880576",,"Public Rack - Princeton Ave & 103rd Pl",1
"1674190643273935966","1674190643273935966",,"Public Rack - Vincennes Ave & 95th St",1
"1674190540194720686","1674190540194720686",,"Public Rack - Oglesby Ave & 105th St",1
"1677249767994562566","1677249767994562566",,"Public Rack - Sawyer Ave & Bryn Mawr Ave - SW",1
"1594046396693172926","1594046396693172926",,"Albany Ave & 16th St",9
"1683527948705024000","1683527948705024000",,"Public Rack - Lake Shore Dr & Hayes Dr",1
"1594046400988140226","1594046400988140226",,"Sacramento Ave & 25th St",9
"1674190583144393720","1674190583144393720",,"Public Rack - Pulaski Rd & 51st Rd",1
"1806753635618079458","1806753635618079458",,"Public Rack - Central Park & Peterson",2
"1674190467180276534","1674190467180276534",,"Public Rack - Mackinaw Ave & 85th St",1
"1677249866778810502","1677249866778810502",,"Public Rack - Halsted St & 41st St",1
"1674190475770211134","1674190475770211134",,"Public Rack - Martin Luther King Dr & 69th St",1
"1683527972235589666","1683527972235589666",,"Public Rack - Woodlawn Ave & 63rd St N",1
"1806749718607905176","1806749718607905176",,"Public Rack - Spaulding Ave & 71st St",4
"1582242319632586318","1582242319632586318",,"Sacramento Ave & Pershing Rd",9
"1575949493798695614","1575949493798695614",,"Lamon Ave & Chicago Ave",9
"1827474409018810992","1827474409018810992",,"Public Rack - Richard Daley College",3
"1677249823829137478","1677249823829137478",,"Public Rack - Bishop St & 81st St",2
"1677249793764366374","1677249793764366374",,"Public Rack - Corliss Ave & 133rd St",5
"1594046400988140228","1594046400988140228",,"Rockwell St & Cermak Rd",9
"1673852313397164652","1673852313397164652",,"Public Rack - California Ave & Touhy Ave - midblock",1
"1806749722902872498","1806749722902872498",,"Public Rack - Mulligan Ave & 56th St",4
"1806753648502981410","1806753648502981410",,"Public Rack - Kimball & Ardmore",2
"1561012883010990646","1561012883010990646",,"Komensky Ave & 31st St",9
"1806753635618079448","1806753635618079448",,"Public Rack - Canfield & Victoria",2
"1695776991300383222","1695776991300383222",,"Public Rack - Western Ave & 110th St",3
"1673852317692131950","1673852317692131950",,"Public Rack - California Ave & Touhy Ave - SW",1
"1674190432820538100","1674190432820538100",,"Public Rack - Lake Park Ave & 47th St",1
"1806749727197839808","1806749727197839808",,"Public Rack - Meade Ave & Archer Ave",2
"1674190497245047652","1674190497245047652",,"Public Rack - Michigan Ave & 113th St",1
"1674190205187271014","1674190205187271014",,"Public Rack - Brighton Park Branch Chicago Library",2
"1674190441410472714","1674190441410472714",,"Public Rack - Latrobe Ave & Lake St",1
"1695776978415481326","1695776978415481326",,"Public Rack - Ave L & 105th St",1
"1674190488655113044","1674190488655113044",,"Public Rack - Menard Ave & Belmont Ave",1
"1571105050820616196","1571105050820616196",,"Narragansett Ave & School St",9
"1806749722902872482","1806749722902872482",,"Public Rack - Linder Ave & 64th Pl",4
"1683527967940622360","1683527967940622360",,"Public Rack - Vincennes Ave & 91st St",1
"1674190527309818770","1674190527309818770",,"Public Rack - Nagle Ave & Belmont Ave",1
"1677249823829137482","1677249823829137482",,"Public Rack - Laflin St & 79th St",1
"1677249772289529864","1677249772289529864",,"Public Rack - Sawyer Ave & Bryn Mawr Ave - SE",1
"1806753631323112148","1806753631323112148",,"Public Rack - California & 87th",2
"1674190428525570800","1674190428525570800",,"Public Rack - Lake Park Ave & 44th St",1
"1715846696911078242","1715846696911078242",,"Public Rack - Tripp Ave & North Ave",2
"1674190407050734270","1674190407050734270",,"Public Rack - Kenneth Ave & 63rd St W",10
"1677249866778810506","1677249866778810506",,"Public Rack - 532 E 43rd St",1
"1594046405283107532","1594046405283107532",,"Whipple St & Roosevelt Rd",9
"1674190334036290138","1674190334036290138",,"Public Rack - Harriet E Sayre Public School",3
"1695776957520678960","1695776957520678960",,"Public Rack - Wallace St & 119th St",1
"1806749727197839828","1806749727197839828",,"Public Rack - Milwaukee Ave & Warner Ave",4
"1674190565964524510","1674190565964524510",,"Public Rack - Plainfield Ave & Irving Park Rd",2
"1695780083082689004","1695780083082689004",,"Public Rack - Foster Ave & Drake Ave",2
"1582242289567815212","1582242289567815212",,"Homan Ave & 65th St",9
"1674190454295374622","1674190454295374622",,"Public Rack - Loomis Blvd & 83rd St",1
"1674190523014851470","1674190523014851470",,"Public Rack - N Narragansett Ave & Grand Ave",1
"1806749722902872490","1806749722902872490",,"Public Rack - Natoma Ave & 61st St",3
"1674190437115505406","1674190437115505406",,"Public Rack - Langley Ave & 79th St",2
"1563698718386161690","1563698718386161690",,"Oak Park & Wellington",9
"1806753669977818026","1806753669977818026",,"Public Rack - Western & 83rd",2
"1674190398460799668","1674190398460799668",,"Public Rack - Kedzie Ave & Pershing Rd",1
"1677249858188875900","1677249858188875900",,"Public Rack - Calumet Ave & Garfield Blvd",1
"1674190308266486306","1674190308266486306",,"Public Rack - Franklin Park",2
"1677249828124104788","1677249828124104788",,"Public Rack - Ingleside Ave & 79th St",1
"1677249836714039384","1677249836714039384",,"Public Rack - Marquette Ave & 83rd St",1
"1563698679731458032","1563698679731458032",,"Fullerton & Monitor",9
"1806749722902872500","1806749722902872500",,"Public Rack - 56th St & Mulligan Ave",9
"1674190230957074838","1674190230957074838",,"Public Rack - Central Park Ave & Fillmore St",1
"1594041785694887806","1594041785694887806",,"Kenneth Ave & 50th St",6
"1827474409018810994","1827474409018810994",,"Public Rack - Wilbur Wright College South",3
"1594046439642845942","1594046439642845942",,"California Ave & Winona St",6
"1571105055115583496","1571105055115583496",,"Long & Irving Park",9
"1674190664748772494","1674190664748772494",,"Public Rack - Western Ave & 106th St - East",1
"1594046426757944042","1594046426757944042",,"Western Ave & Berteau Ave",6
"1715846700153782638","1715846700153782638",,"Public Rack - Central Park Ave & Fulton Blvd",2
"1563698696911327228","1563698696911327228",,"Lockwood Ave & Wrightwood Ave",9
"1674190338331257438","1674190338331257438",,"Public Rack - Harvey Ave & North Ave",3
"1695776985071215288","1695776985071215288",,"Public Rack - Ewing Ave & 102nd St",1
"1674190226662107538","1674190226662107538",,"Public Rack - Central Ave & North Ave",1
"1674190355511126652","1674190355511126652",,"Public Rack - James Madison School",2
"1674190303971519000","1674190303971519000",,"Public Rack - Ewing Ave & Indianapolis Ave",1
"1695780091296484234","1695780091296484234",,"Public Rack - Pulaski Rd & Flournoy St",1
"1677249832419072086","1677249832419072086",,"Public Rack - Colfax Ave & 83rd St",2
"1674190608914197534","1674190608914197534",,"Public Rack - Sangamon St & 79th St",1
"1674190329741322832","1674190329741322832",,"Public Rack - Hamlin Ave & Grand Ave",3
"1806753661387883396","1806753661387883396",,"Public Rack - S Menard & W 63rd",2
"1715823825439808068","1715823825439808068",,"Public Rack - Western Blvd & 52nd St",1
"1674190462885309226","1674190462885309226",,"Public Rack - Lowe Ave & 94th St",2
"1806749727197839806","1806749727197839806",,"Public Rack - Austin Ave & Archer Ave",2
"1674190183712434504","1674190183712434504",,"Public Rack - Avers Ave & Archer Ave",2
"1582242311042651716","1582242311042651716",,"Spaulding Ave & 63rd St",1
"1674190235252042152","1674190235252042152",,"Public Rack - Chase Ave & Touhy Ave - NW",1
"1674190617504132138","1674190617504132138",,"Public Rack - Spaulding Ave & Evergreen Ave",2
"1674190321151388222","1674190321151388222",,"Public Rack - Halsted St & 95th St - SW",1
"1674190359806093958","1674190359806093958",,"Public Rack - Jonathan Y Scammon Public School",1
"1806753644208014096","1806753644208014096",,"Public Rack - Horner & 85th",2
"1674190364101061260","1674190364101061260",,"Public Rack - Karlov Ave & 26th St",1
"1806753631323112136","1806753631323112136",,"Public Rack - Avers & Granville",2
"1674190634684001358","1674190634684001358",,"Public Rack - Throop St & 58th St",3
"1695776985249749774","1695776985249749774",,"Public Rack - Ewing Ave & 95th St",1
"1674190428525570798","1674190428525570798",,"Public Rack - Lafayette Ave & 95th St",10
"1806749757262611026","1806749757262611026",,"Public Rack - Leoti Ave & Central Ave (south)",4
"1695777015314520896","1695777015314520896",,"Public Rack - Fullerton Ave & Narragansett Ave",1
"1674190273906747872","1674190273906747872",,"Public Rack - Cottage Grove Ave & 92nd St",1
"1674190329741322834","1674190329741322834",,"Public Rack - Hamlin Ave & Montrose Ave",3
"1695776969825546724","1695776969825546724",,"Public Rack - Halsted St & 109th St",1
"1674190544489687992","1674190544489687992",,"Public Rack - Orville T Bright School",2
"1674190570259491814","1674190570259491814",,"Public Rack - Princeton Ave & 43rd St",2
"1571105042230683640","1571105042230683640",,"Panama Ave & Grace St",9
"1677249888253647030","1677249888253647030",,"Public Rack - Michigan Ave & 121st St",1
"1448642175142467184","1448642175142467184",,"Avenue L & 114th St",4
"1674190505834982258","1674190505834982258",,"Public Rack - Milwaukee Ave & Haussen Ct",2
"1571105050820616194","1571105050820616194",,"Central Ave & Roscoe St",9
"1695776940340809768","1695776940340809768",,"Public Rack - Lockwood Ave & Diversey Ave",1
"1674190325446355526","1674190325446355526",,"Public Rack - Hamilton Park",1
"1715846700153782636","1715846700153782636",,"Public Rack - Homan Ave & Lake St",2
"1677249866778810508","1677249866778810508",,"Public Rack - Martin Luther King Dr & 44th St",2
"1674190200892303716","1674190200892303716",,"Public Rack - Brandon Ave & 91st St",1
"1674190677633674408","1674190677633674408",,"Public Rack - Winchester Ave & 87th St",1
"1695777010841019090","1695777010841019090",,"Public Rack - Marquette Rd & 67th St",2
"1575949519568499430","1575949519568499430",,"Augusta Blvd & Laramie Ave",9
"1593766343243326364","1593766343243326364",,"Pulaski Rd & 60th St",9
"1674190303971519002","1674190303971519002",,"Public Rack - Exchange Ave & 131st St",1
"1677249798059333678","1677249798059333678",,"Public Rack - Harvard Ave & 119th St",1
"1674190149352696064","1674190149352696064",,"Public Rack - Ada St & 117th St",1
"1674190600324262930","1674190600324262930",,"Public Rack - Rutherford Ave & Belmont Ave",1
"1806749744377709070","1806749744377709070",,"Public Rack - Bernard St & Foster Ave",4
"1806753657092916056","1806753657092916056",,"Public Rack - Neenah & Dakin",2
"1674190660453805192","1674190660453805192",,"Public Rack - Western Ave & 104th St - West",2
"1806753669977818020","1806753669977818020",,"Public Rack - Western & 74th",2
"1594046448232780546","1594046448232780546",,"Troy Ave & 27th St",9
"1806749748672676376","1806749748672676376",,"Public Rack - Nina Ave & Avondale Ave",2
"1806749734462876060","1806749734462876060",,"Public Rack - Winona St & Elston Ave",4
"1594046409578074830","1594046409578074830",,"Milwaukee Ave & Fullerton Ave",9
"1674190291086617088","1674190291086617088",,"Public Rack - Emerald Ave & 45th St",1
"1674190437115505412","1674190437115505412",,"Public Rack - Laramie Ave & Fullerton Ave",2
"1806749744377709066","1806749744377709066",,"Public Rack - Springfield Ave & Lawrence Ave",2
"1695776942300076784","1695776942300076784",,"Public Rack - Central Park Ave & 16th St",1
"1571105068000485406","1571105068000485406",,"Narragansett & Irving Park",9
"1674190441410472710","1674190441410472710",,"Public Rack - Laramie Ave & Grand Ave",2
"1674190540194720688","1674190540194720688",,"Public Rack - Oglesby Ave & 95th St",1
"1683527955055720452","1683527955055720452",,"Public Rack - Michigan Ave & 107th St",1
"1806753648502981404","1806753648502981404",,"Public Rack - Kenton & Lawrence",2
"1674190282496682480","1674190282496682480",,"Public Rack - Eggleston Ave & 114th St",3
"1806749722902872494","1806749722902872494",,"Public Rack - Normandy Ave & Archer Ave",2
"1674190359806093962","1674190359806093962",,"Public Rack - Justine St & 87th St",1
"1683527927230188514","1683527927230188514",,"Public Rack - 53rd St & Indiana Ave",1
"1806753648502981398","1806753648502981398",,"Public Rack - Kedzie & 71st",2
"1806749744377709072","1806749744377709072",,"Public Rack - Kimball Ave & Lawrence Ave",2
"1677249853893908600","1677249853893908600",,"Public Rack - Yates Blvd & Exchange Ave",2
"1674190613209164834","1674190613209164834",,"Public Rack - Senka ""Edward Duke"" Park",2
"1827484051430132398","1827484051430132398",,"Public Rack - Wrightwood Metra Station",2
"1674190170827532584","1674190170827532584",,"Public Rack - Austin Ave & Wellington Ave",1
"1827474404723843684","1827474404723843684",,"Public Rack - Hollywood Park",1
"1806753652797948736","1806753652797948736",,"Public Rack - Monticello & Lawrence",2
"1448642175142467180","1448642175142467180",,"S Michigan Ave & E 118th St",6
"1674190557374589902","1674190557374589902",,"Public Rack - Penn Elementary School / KIPP Ascend Middle School",4
"1674190621799099444","1674190621799099444",,"Public Rack - St Louis Ave & Berteau Ave",1
"1582242280977880604","1582242280977880604",,"Richmond St & 59th St",9
"1677249810944235574","1677249810944235574",,"Public Rack - Racine Ave & 109th Pl",1
"1582242315337619018","1582242315337619018",,"Kedzie Ave & 45th St",6
"1677249819534170180","1677249819534170180",,"Public Rack - East End Ave & 87th St",1
"1674190265316813264","1674190265316813264",,"Public Rack - Cottage Grove & 86th St",1
"1594046392398205624","1594046392398205624",,"Washtenaw Ave & Polk St",9
"1674190677633674406","1674190677633674406",,"Public Rack - William Rainey Harper High School",2
"1806753657092916066","1806753657092916066",,"Public Rack - Northwest Hwy & Bryn Mawr",2
"1715823805474202570","1715823805474202570",,"Public Rack - Western Ave & 62nd St",1
"1695776938005109486","1695776938005109486",,"Public Rack - Pulaski Rd & Lexington St",1
"1677249862483843202","1677249862483843202",,"Public Rack - Wolcott Ave & 56th St",2
"1606778059648526978","1606778059648526978",,"Whipple/Irving Park",9
"1674190325446355532","1674190325446355532",,"Public Rack - Hamlin Ave & Fullerton Ave",2
"1674190381280930478","1674190381280930478",,"Public Rack - Kedzie Ave & Archer Ave",2
"1674190544489687988","1674190544489687988",,"Public Rack - Oketo Ave & Belmont Ave",1
"1683527931525155814","1683527931525155814",,"Public Rack - Cornell Ave & 87th Pl",1
"1674190381280930480","1674190381280930480",,"Public Rack - Kedzie Ave & Argyle St",2
"1674190583144393718","1674190583144393718",,"Public Rack - Pulaski Rd & 44th St",2
"1806753631323112128","1806753631323112128",,"Public Rack - Austin & 62nd",2
"1695777014128478334","1695777014128478334",,"Public Rack - Champlain Ave & 65th St",2
"1674190153647663368","1674190153647663368",,"Public Rack - Albany Ave & 103rd St",1
"1806753644208014098","1806753644208014098",,"Public Rack - Imlay & Milwaukee",2
"1674190286791649780","1674190286791649780",,"Public Rack - Eggleston Ave & 115th St",3
"1674190424230603490","1674190424230603490",,"Public Rack - Kostner Ave & North Ave",2
"1806753652797948732","1806753652797948732",,"Public Rack - McVicker & 52nd",2
"1674190166532565286","1674190166532565286",,"Public Rack - Austin Ave & Roscoe St",5
"1563698679731458030","1563698679731458030",,"Parkside Ave & Armitage Ave",9
"1806749727197839818","1806749727197839818",,"Public Rack - Menard Ave & Leland Ave",4
"1674190454295374620","1674190454295374620",,"Public Rack - Longwood Dr & 95th St",1
"1806753648502981424","1806753648502981424",,"Public Rack - Linder & 51st",2
"1594046379513303716","1594046379513303716",,"Sacramento Blvd & Fulton Ave",9
"1715846705501012842","1715846705501012842",,"Public Rack - Independence Blvd & Roosevelt",1
"1806749731492807144","1806749731492807144",,"Public Rack - Nordica Ave & Higgins Ave",2
"1715846718385914740","1715846718385914740",,"Public Rack - Lawndale Ave & 23rd St",2
"1674190535899753380","1674190535899753380",,"Public Rack - Newland Ave & Diversey Ave",1
"1806749752967643708","1806749752967643708",,"Public Rack - Northwest Hwy & Overhill Ave",3
"1806749748672676382","1806749748672676382",,"Public Rack - Natoma Ave & Bryn Mawr Ave",2
"1715846717333651852","1715846717333651852",,"Public Rack - Washington Park Ct & 51st St",2
"1593766338948359058","1593766338948359058",,"Lawler Ave & 50th St",9
"1827484051430132402","1827484051430132402",,"Public Rack - Forest Glen Station ",4
"1695780078787721704","1695780078787721704",,"Public Rack - Peterson Ave & Bernard Ave",1
"1674190166532565278","1674190166532565278",,"Public Rack - Ashland Ave & 73rd St",1
"1673852330577033842","1673852330577033842",,"Public Rack - Rockwell Ave & Touhy Ave ",2
"1674190510129949568","1674190510129949568",,"Public Rack - Morgan St & 95th St",2
"1715823801179235270","1715823801179235270",,"Public Rack - Pulaski Rd & 65th St",2
"1677249853893908602","1677249853893908602",,"Public Rack - Prairie Ave & Garfield Blvd S",10
"1571105059410550806","1571105059410550806",,"Harlem & Irving Park",9
"1806753657092916064","1806753657092916064",,"Public Rack - Nordica & Archer",2
"1563698688321392628","1563698688321392628",,"Long Ave & Belmont Ave",9
"1827474404723843690","1827474404723843690",,"Public Rack - Peterson Park",2
"1674190140762761460","1674190140762761460",,"Public Rack - 63rd & Western Ave N",1
"1674190565964524508","1674190565964524508",,"Public Rack - Pittsburgh Ave & Irving Park",2
"1594046461125837998","1594046461125837998",,"Lincoln Ave & Peterson Ave",9
"1674190651863870582","1674190651863870582",,"Public Rack - Wentworth Ave & 103rd St",1
"1571105059410550802","1571105059410550802",,"Plainfield & Irving Park",9
"1674190218072172924","1674190218072172924",,"Public Rack - Calumet Ave & 103rd St",1
"1695777002429618978","1695777002429618978",,"Public Rack - Ashland Ave & 83rd St",1
"1695776995595350524","1695776995595350524",,"Public Rack - Western Ave & 107th Pl",1
"1674190501540014960","1674190501540014960",,"Public Rack - Milwaukee Ave & Diversey Ave",2
"1575949510978564828","1575949510978564828",,"North Ave & New England Ave",9
"1806749722902872484","1806749722902872484",,"Public Rack - 63rd Pl & Narraganssett Ave",8
"1674190557374589904","1674190557374589904",,"Public Rack - Peoria St & 60th St",2
"1806749718607905152","1806749718607905152",,"Public Rack - Pulaski Rd & 85th St",2
"1674190334036290134","1674190334036290134",,"Public Rack - Harold Washington Park",3
"1674190432820538108","1674190432820538108",,"Public Rack - Langley Ave & 105th Pl",2
"1806753631323112124","1806753631323112124",,"Public Rack - Artesian & 71st",2
"1674190162237597976","1674190162237597976",,"Public Rack - Ashland Ave & 45th St  S",1
"1695776953225711660","1695776953225711660",,"Public Rack - Roscoe St & Osceola Ave",1
"1715823791080069664","1715823791080069664",,"Public Rack - Fairfield Ave & 63rd St",1
"1806753661387883394","1806753661387883394",,"Public Rack - Rutherford & 53rd",2
"1674190604619230230","1674190604619230230",,"Public Rack - Sacramento Ave & Devon Ave",1
"1806749727197839820","1806749727197839820",,"Public Rack - Irving Park Rd & Menard Ave",2
"1674190475770211132","1674190475770211132",,"Public Rack - Marshfield Ave & 87th St",1
"1674190484360145738","1674190484360145738",,"Public Rack - Melvina Ave & Belmont Ave",1
"1695776995595350522","1695776995595350522",,"Public Rack - 10557 S Western Ave",2
"1674190673338707104","1674190673338707104",,"Public Rack - Western Blvd & 53rd St",1
"1674190664748772496","1674190664748772496",,"Public Rack - Western Ave & 111th St - NW",1
"1674190531604786074","1674190531604786074",,"Public Rack - Newcastle Ave & Belden Ave",1
"1683527963645655062","1683527963645655062",,"Public Rack - Stony Island & 87th St",1
"1674190553079622596","1674190553079622596",,"Public Rack - Parnell Ave & 103rd St",1
"1674190368396028570","1674190368396028570",,"Public Rack - Kedzie & 103rd St - W",1
"1806749752967643704","1806749752967643704",,"Public Rack - Ozanam Ave & Devon Ave",2
"1683527933580884970","1683527933580884970",,"Public Rack - Eberhart Ave & 61st St",1
"1674190325446355528","1674190325446355528",,"Public Rack - Hamlin Ave & Chicago Ave",1
"1563698722681128992","1563698722681128992",,"Sayre & Diversey",9
"1806753635618079456","1806753635618079456",,"Public Rack - Central Park & Bryn Mawr",2
"1806749722902872496","1806749722902872496",,"Public Rack - Minuteman Park",3
"1695776989544717076","1695776989544717076",,"Public Rack - Langley Ave & 87th St",1
"1674190205187271018","1674190205187271018",,"Public Rack - Buffalo Ave & 89th St",3
"1806749735787774446","1806749735787774446",,"Public Rack - Milwaukee Ave & Catalpa Ave",2
"1563698705501259788","1563698705501259788",,"Kilpatrick Ave & Parker Ave",9
"1571105042230683636","1571105042230683636",,"Oketo Ave & Addison St",9
"1674190299676551698","1674190299676551698",,"Public Rack - Ewing Ave & 112th St",1
"1806753657092916076","1806753657092916076",,"Public Rack - Oketo & Northwest Hwy",2
"1806749744377709068","1806749744377709068",,"Public Rack - Lawrence Ave & Kimball Ave",11
"1674190531604786080","1674190531604786080",,"Public Rack - Newcastle Ave & Wellington Ave",1
"1674190419935636190","1674190419935636190",,"Public Rack - Komensky Ave & 59th St",1
"1674190492950080346","1674190492950080346",,"Public Rack - Menard Ave & Madison St",2
"1806753635618079450","1806753635618079450",,"Public Rack - Central & Berteau",2
"1674190484360145744","1674190484360145744",,"Public Rack - Menard Ave & Adams Blvd",2
"1674190514424916874","1674190514424916874",,"Public Rack - Muskegon Ave & 89th St",1
"1674190553079622598","1674190553079622598",,"Public Rack - Parnell Ave & 119th St",1
"1563698709796227088","1563698709796227088",,"Kilbourn & Belden",9
"1582242311042651720","1582242311042651720",,"Hoyne Ave & 34th St",9
"1683527948705025022","1683527948705025022",,"Public Rack - Kostner Ave & 16th St",1
"1561012878716023344","1561012878716023344",,"Kildare & Cermak",9
"1674190368396028568","1674190368396028568",,"Public Rack - Kedzie & 103rd St - East",1
"1806753652797948728","1806753652797948728",,"Public Rack - Mango & Higgins",2
"1715823783999366064","1715823783999366064",,"Public Rack - May St & 87th St",1
"1561012895895892548","1561012895895892548",,"Kildare Ave & 26th St",9
"1715846691563848032","1715846691563848032",,"Public Rack - Sawyer Ave & Chicago Ave",1
"1674190647568903270","1674190647568903270",,"Public Rack - Walden Pkwy & 103rd St",1
"1436495100903691938","1436495100903691938",,"W Oakdale Ave & N Broadway",6
"1674190432820538104","1674190432820538104",,"Public Rack - Lamon Ave & Archer Ave",1
"1806749752967643710","1806749752967643710",,"Public Rack - Northwest Hwy & Neva Ave",2
"1561012887305957952","1561012887305957952",,"Tripp Ave & 15th St",9
"1674190282496682478","1674190282496682478",,"Public Rack - Eberhart Ave & 131st St",2
"1674190540194720684","1674190540194720684",,"Public Rack - Oakley & 79th Pl",1
"1806749727197839814","1806749727197839814",,"Public Rack - Leland Ave & Melvina Ave",4
"1695777004185285136","1695777004185285136",,"Public Rack - Ashland Ave & 63rd St",1
"1594041777104953202","1594041777104953202",,"Komensky Ave & 55th St",9
"1674190261021845960","1674190261021845960",,"Public Rack - Commercial Ave & 89th St",1
"1674190136467794156","1674190136467794156",,"Public Rack - 111th St - Morgan Park Metra",2
"1674190450000407312","1674190450000407312",,"Public Rack - Lawrence Ave & 103rd St",1
"1575949515273532128","1575949515273532128",,"Central Park & Augusta Blvd",9
"1683527931525155816","1683527931525155816",,"Public Rack - Crandon Ave & 80th St",1
"1677249780879464466","1677249780879464466",,"Public Rack - Sawyer Ave & Lawrence Ave",1
"1674190638978968662","1674190638978968662",,"Public Rack - Tuley (Murray) Park",2
"1674190617504132140","1674190617504132140",,"Public Rack - Spaulding Ave & North Ave",4
"1695777002429618974","1695777002429618974",,"Public Rack - Western Ave & 98th St",1
"1674190145057728760","1674190145057728760",,"Public Rack - 63rd & Western Ave S",1
"1674190514424916870","1674190514424916870",,"Public Rack - Mt Greenwood Library N",2
"1674190153647663366","1674190153647663366",,"Public Rack - Al Raby School",3
"1561012895895892552","1561012895895892552",,"Spaulding Ave & 16th St",9
"1695776990330095648","1695776990330095648",,"Public Rack - Clyde Ave & 87th St",3
"1683527955055720454","1683527955055720454",,"Public Rack - Prairie Ave & Garfield Blvd N",1
"1806749748672676388","1806749748672676388",,"Public Rack - Miami Ave & Milwaukee Ave",4
"1677249879663712420","1677249879663712420",,"Public Rack - 10101 S Stony Island Ave",2
"1674190454295374616","1674190454295374616",,"Public Rack - Linder Ave & Belmont Ave",2
"1674190450000407318","1674190450000407318",,"Public Rack - Linder Ave & Archer Ave",2
"1806753657092916058","1806753657092916058",,"Public Rack - Neola & Northwest Hwy",2
"1677249845303973994","1677249845303973994",,"Public Rack - Longwood Dr & 111th St",2
"1674190630389034056","1674190630389034056",,"Public Rack - Strohacker Park",2
"1695780083082689008","1695780083082689008",,"Public Rack - Kostner Ave & Wrightwood Ave",9
"1674190230957074842","1674190230957074842",,"Public Rack - Champlain Ave & 134th St",2
"1674190402755766968","1674190402755766968",,"Public Rack - Keeler Ave & 26th St",1
"1674190372690995872","1674190372690995872",,"Public Rack - Kedzie Ave & 58th St",2
"1674190175122499894","1674190175122499894",,"Public Rack - Austin Branch Chicago Public Library",2
"1674190329741322836","1674190329741322836",,"Public Rack - Harding Ave & 47th St",1
"1674190608914197536","1674190608914197536",,"Public Rack - Sawyer Ave & 111th St",1
"1695780087377656306","1695780087377656306",,"Public Rack - Kostner Ave & Diversey Ave",1
"1594046405283107528","1594046405283107528",,"California & 16th St",9
"1674190196597336410","1674190196597336410",,"Public Rack - Bell Ave & 95th St",2
"1563698675436490730","1563698675436490730",,"Narragansett & Wrightwood",9
"1594046439642845944","1594046439642845944",,"N Shore Channel Trail & Argyle St",9
"1582242323927553620","1582242323927553620",,"Kedzie Ave & 57th St",9
"1674190574554459116","1674190574554459116",,"Public Rack - Pulaski & 52nd",1
"1715823782490135060","1715823782490135060",,"Public Rack - Ewing Ave & 96th St S",1
"1674190256726878658","1674190256726878658",,"Public Rack - Cicero Ave & Wellington Ave",2
"1674190166532565276","1674190166532565276",,"Public Rack - Ashland Ave & 71st St",2
"1715846713038684536","1715846713038684536",,"Public Rack - Kedvale Ave & 26th St",1
"1674190643273935970","1674190643273935970",,"Public Rack - Vincennes Ave & 99th St",1
"1806753639913046770","1806753639913046770",,"Public Rack - Damen & 81st",2
"1582242293862782512","1582242293862782512",,"Fairfield Ave & 44th St",9
"1806753652797948722","1806753652797948722",,"Public Rack - Linder & Elston",2
"1593766338948359064","1593766338948359064",,"Kildare Ave & 55th St",9
"1674190694813543600","1674190694813543600",,"Public Rack - Zapata Academy",3
"1674190157942630668","1674190157942630668",,"Public Rack - Albany Ave & 111th St - NW",1
"1683527948705025018","1683527948705025018",,"Public Rack - Kingston Ave & 75th St",1
"1806749727197839816","1806749727197839816",,"Public Rack - Melvina Ave & Montrose Ave",6
"1715823826949039076","1715823826949039076",,"Public Rack - Kedzie Ave & 54th Pl",1
"1677249849598941296","1677249849598941296",,"Public Rack - Hoyne Ave & 110th Pl",2
"1674190321151388220","1674190321151388220",,"Public Rack - Halsted St & 95th St - SE",3
"1806749752967643696","1806749752967643696",,"Public Rack - Bryn Mawr Ave & Spaulding Ave",4
"1594046461117682452","1594046461117682452",,"Washtenaw Ave & Peterson Ave",9
"1715846713038684540","1715846713038684540",,"Public Rack - Komensky Ave & 26th St",1
"1674190664748772492","1674190664748772492",,"Public Rack - Western Ave & 105th St",2
"1695777008480252434","1695777008480252434",,"Public Rack - Michigan Ave & 67th St",2
"1674190419935636184","1674190419935636184",,"Public Rack - King Dr & 83rd St",1
"1683527959350687758","1683527959350687758",,"Public Rack - South Shore Dr & 71st St",2
"1806753661387883380","1806753661387883380",,"Public Rack - Parkside & Archer",2
"1715823805474202572","1715823805474202572",,"Public Rack - Kedzie Ave & 60th St",1
"1674190510129949562","1674190510129949562",,"Public Rack - Morgan St & 103rd St",2
"1677249789469399070","1677249789469399070",,"Public Rack - Grand Ave & North Ave",2
"1683527937875852272","1683527937875852272",,"Public Rack - Jeffery Blvd & 81st St",1
"1571105063705518104","1571105063705518104",,"Harlem Ave & Grace St",9
"1827474404723843682","1827474404723843682",,"Public Rack - Norwood Park Station ",5
"1806749740082741756","1806749740082741756",,"Public Rack - Milwaukee Ave & Kennedy Expy",4
"1674190467180276530","1674190467180276530",,"Public Rack - Mackinaw Ave & 106th St",1
"1695776941114034252","1695776941114034252",,"Public Rack - Pulaski Rd & Polk St",1
"1575949506683597522","1575949506683597522",,"Major Ave & Bloomingdale Ave",9
"1674190243841976756","1674190243841976756",,"Public Rack - Cicero Ave & Altgeld St",2
"1674190501540014956","1674190501540014956",,"Public Rack - Milwaukee Ave & Addison St",3
"1674190578849426420","1674190578849426420",,"Public Rack - Pulaski Rd & 41st",2
"1806749757262611012","1806749757262611012",,"Public Rack - Kinzua Ave & Devon Ave",3
"1674190316856420920","1674190316856420920",,"Public Rack - Halsted St & 94th St",1
"1695776946416509604","1695776946416509604",,"Public Rack - Fullerton Ave & Lavergne Ave",1
"1674190673338707102","1674190673338707102",,"Public Rack - Western Blvd & 49th St",1
"1582242293862782510","1582242293862782510",,"Rockwell St & Archer Ave",9
"1674190248136944056","1674190248136944056",,"Public Rack - Cicero Ave & Le Moyne St - midblock",1
"1674190243841976758","1674190243841976758",,"Public Rack - Cicero Ave & Cortland St - midblock",2
"1674190475770211138","1674190475770211138",,"Public Rack - May St & 63rd St",1
"1715823779704398766","1715823779704398766",,"Public Rack - Brainerd Park",2
"1806753661387883388","1806753661387883388",,"Public Rack - Pulaski & 84th",2
"1683527942170819570","1683527942170819570",,"Public Rack - Jensen Park",1
"1695776985249749776","1695776985249749776",,"Public Rack - Ashland Ave & 91st St",1
"1806753648502981416","1806753648502981416",,"Public Rack - Kostner & Peterson",2
"1806753635618079460","1806753635618079460",,"Public Rack - Christiana & Lincoln",2
"1695777003591137960","1695777003591137960",,"Public Rack - King Dr & 71st St",2
"1575949532952438778","1575949532952438778",,"Nordica & Medill",9
"1715846692616110944","1715846692616110944",,"Public Rack - Kedzie Ave & Chicago Ave",1
"1806753639913046764","1806753639913046764",,"Public Rack - Cicero & Rosemont",2
"1677249785174431766","1677249785174431766",,"Public Rack - Karlov Ave & Milwaukee Ave",1
"1674190351216159352","1674190351216159352",,"Public Rack - Hyde Park Blvd & 55th St",1
"1674190561669557208","1674190561669557208",,"Public Rack - Piotrowski Park",2
"1674190316856420916","1674190316856420916",,"Public Rack - Halsted St & 77th St",1
"1677249849598941300","1677249849598941300",,"Public Rack - Western Ave & 106th St - West",1
"1575949502388630222","1575949502388630222",,"Leamington Ave & Hirsch St",9
"1683527927230188516","1683527927230188516",,"Public Rack - Campbell Ave & Pratt Blvd",1
"1674190669043739798","1674190669043739798",,"Public Rack - Western Ave & 116th St",1
"1674190230957074840","1674190230957074840",,"Public Rack - Central Park Ave & Ogden Ave",3
"1806749722902872506","1806749722902872506",,"Public Rack - Mobile Ave & Archer Ave",4
"1674190205187271016","1674190205187271016",,"Public Rack - Buffalo Ave & 133rd St",2
"1594046448262943690","1594046448262943690",,"Francisco Ave & Montrose Ave",9
"1594046435347878642","1594046435347878642",,"Virginia Ave & Catalpa Ave",9
"1674190222367140236","1674190222367140236",,"Public Rack - Central Ave & Congress Pkwy",2
"1674190415640668880","1674190415640668880",,"Public Rack - Kimball Ave & Carmen Ave",3
"1674190458590341922","1674190458590341922",,"Public Rack - Loomis St & 87th St",1
"1563698701206292482","1563698701206292482",,"Cicero Ave & Grace St",6
"1674190364101061264","1674190364101061264",,"Public Rack - Kedvale Ave & 63rd St E",2
"1674190630389034054","1674190630389034054",,"Public Rack - Stony Island Ave & 86th St",1
"1674190346921192044","1674190346921192044",,"Public Rack - Houston Ave & 131st St",10
"1594046422462976736","1594046422462976736",,"Rockwell St & Fletcher St",9
"1715846701206045544","1715846701206045544",,"Public Rack - Garfield Park Conservatory",2
"1695777004185285124","1695777004185285124",,"Public Rack - Prairie Ave & 78th St",3
"1674190372690995868","1674190372690995868",,"Public Rack - Kedzie Ave & 54th St - SE",1
"1806749757262611010","1806749757262611010",,"Public Rack - Devon Ave & Minnehaha Ave (east)",2
"1674190596029295630","1674190596029295630",,"Public Rack - Rockwell & 111th St",2
"1695776948350710232","1695776948350710232",,"Public Rack - Lamon Ave & Erie St",3
"1677249883958679718","1677249883958679718",,"Public Rack - Torrence Ave  & 106th St",1
"1674190664748772498","1674190664748772498",,"Public Rack - Western Ave & 111th St - SW",2
"1674190222367140232","1674190222367140232",,"Public Rack - Central Ave & Adams St",8
"1521679584953491780","1521679584953491780",,"Kedzie Ave & 104th St",8
"1674190561669557206","1674190561669557206",,"Public Rack - Perry Ave & 108th Pl",2
"1674190278201715178","1674190278201715178",,"Public Rack - Damen Ave & 84th St",1
"1695776980954782472","1695776980954782472",,"Public Rack - Ewing Ave & 106th St",2
"1677249789469399068","1677249789469399068",,"Public Rack - Kostner Ave & Armitage Ave",1
"1674190145057728766","1674190145057728766",,"Public Rack - Abbott Park",2
"1674190273906747874","1674190273906747874",,"Public Rack - Cottage Grove Ave & 98th St",1
"1563698718386161692","1563698718386161692",,"Mulligan Ave & Wellington Ave",9
"1806749718607905156","1806749718607905156",,"Public Rack - 83rd Pl & Kedzie Ave S",2
"1674190445705440014","1674190445705440014",,"Public Rack - Lawndale Ave & Polk St",2
"1674190630389034058","1674190630389034058",,"Public Rack - Talman Ave & 51st St",2
"1674190179417467202","1674190179417467202",,"Public Rack - Avenue M & 132nd St",2
"1674190600324262928","1674190600324262928",,"Public Rack - Roswell B. Mason Elementary School",4
"1674190222367140228","1674190222367140228",,"Public Rack - Canty Elementary School",2
"1806753661387883392","1806753661387883392",,"Public Rack - Pulaski & Rosemont",2
"1674190587439361020","1674190587439361020",,"Public Rack - Pulaski Rd & Armitage Ave",2
"1674190334036290136","1674190334036290136",,"Public Rack - Harper Ave & 63rd St",6
"1695776948350710230","1695776948350710230",,"Public Rack - Leclaire Ave & Division St",1
"1827484051430132400","1827484051430132400",,"Public Rack - Ashburn Metra ",1
"1806749718607905168","1806749718607905168",,"Public Rack - 85th Pl & Pulaski Rd",2
"1683527965884893196","1683527965884893196",,"Public Rack - Vincennes Ave & 77th St",1
"1674190587439361024","1674190587439361024",,"Public Rack - Pulaski Rd & Roosevelt Rd",1
"1677249798059333674","1677249798059333674",,"Public Rack - Lowe Ave & 119th St",1
"1674190480065178440","1674190480065178440",,"Public Rack - McVicker Ave & Grand Ave",1
"1806749722902872488","1806749722902872488",,"Public Rack - Sayre Ave & 59th St",5
"1677249815239202878","1677249815239202878",,"Public Rack - Maryland Ave & 87th ST",1
"1806753629998213750","1806753629998213750",,"Public Rack - California & 71st",4
"1677249828124104786","1677249828124104786",,"Public Rack - Aida Food Market",1
"1806749757262611018","1806749757262611018",,"Public Rack - Devon Ave & Kinzua Ave",2
"1674190252431911356","1674190252431911356",,"Public Rack - Cicero Ave & North Ave",1
"1806753652797948752","1806753652797948752",,"Public Rack - Nashotah & Northwest Hwy",2
"1436495122378528446","1436495122378528446",,"N Paulina St & Lincoln Ave",6
"1806749744377709058","1806749744377709058",,"Public Rack - Karlov Ave & Lawrence Ave",2
"1575949498093662918","1575949498093662918",,"Menard Ave & Division St",9
"1674190312561453612","1674190312561453612",,"Public Rack - Halsted St & 63rd St",1
"1674190514424916872","1674190514424916872",,"Public Rack - Mt Greenwood Library - South",2
"1806753661387883374","1806753661387883374",,"Public Rack - Oketo & Talcott",2
"1806749722902872504","1806749722902872504",,"Public Rack - Mason Ave & Archer Ave",2
"1806749757262611028","1806749757262611028",,"Public Rack - Hiawatha Ave & Minnehaha Ave",4
"1674190273906747868","1674190273906747868",,"Public Rack - Cottage Grove Ave & 91st St",1
"1806753665682850696","1806753665682850696",,"Public Rack - S. New England/ W. 65th",2
"1806753644208014082","1806753644208014082",,"Public Rack - Harlem & Summerdale",2
"1806749744377709064","1806749744377709064",,"Public Rack - Elston Ave & Gunnison St",2
"1561012874421056046","1561012874421056046",,"Harding Ave & 26th St",9
"1674190600324262932","1674190600324262932",,"Public Rack - S Kostner Ave & W 18th Pl",1
"1436495118083561146","1436495118083561146",,"N Sheffield Ave & W Wellington Ave",6
"1674190548784655294","1674190548784655294",,"Public Rack - Park Manor Elementary School",3
"1582242315337619020","1582242315337619020",,"California Ave & 36th St",9
"1674190286791649782","1674190286791649782",,"Public Rack - Eggleston Ave & 92nd St",2
"1806749757262611014","1806749757262611014",,"Public Rack - Leoti Ave & Central Ave (north)",4
"1582242298157749812","1582242298157749812",,"Francisco Ave & 47th St",9
"1674190411345701580","1674190411345701580",,"Public Rack - Kildare Ave & 63rd St",2
"1715823812554906166","1715823812554906166",,"Public Rack - Kedzie Ave & 61st Pl W",1
"1674190565964524512","1674190565964524512",,"Public Rack - Prairie Ave & 47th St ",1
"1674190505834982260","1674190505834982260",,"Public Rack - Milwaukee Ave & School St",1
"1806749722902872502","1806749722902872502",,"Public Rack - 61st St & Melvina Ave",5
"1806749718607905180","1806749718607905180",,"Public Rack - Rockwell Ave & 71st St",2
"1806749735787774448","1806749735787774448",,"Public Rack - Milwaukee Ave & Higgins Ave",4
"1674190239547009458","1674190239547009458",,"Public Rack - Christiana Ave & Belmont Ave",6
"1674190475770211136","1674190475770211136",,"Public Rack - Mason Ave & Roosevelt Rd",1
"1674190471475243832","1674190471475243832",,"Public Rack - Marquette Ave & 79th St",1
"1674190656158837890","1674190656158837890",,"Public Rack - West Lawn Park",4
"1593766334653391756","1593766334653391756",,"Lavergne Ave & 46th St",9
"1674190295381584392","1674190295381584392",,"Public Rack - Ewing Ave & 101st St",1
"1683527959350687752","1683527959350687752",,"Public Rack - Saginaw Ave & 93rd St",1
"1677249780879464468","1677249780879464468",,"Public Rack - Milwaukee Ave & Waveland Ave",1
"1674190527309818772","1674190527309818772",,"Public Rack - Narragansett Ave & Fullerton Ave",2
"1715823818359104470","1715823818359104470",,"Public Rack - Loomis Blvd & 47th St",1
"1591541115825893018","1591541115825893018",,"MTV Hubbard St",6
"1674190621799099446","1674190621799099446",,"Public Rack - State St & 47th st",2
"1674190415640668882","1674190415640668882",,"Public Rack - Kimbark Ave & 63rd St",2
"1806749727197839822","1806749727197839822",,"Public Rack - Irving Park Rd & Austin Ave",4
"1674190291086617084","1674190291086617084",,"Public Rack - Ellis Ave & Doty Ave",2
"1683527942170819574","1683527942170819574",,"Public Rack - King Dr & Oakwood Blvd",1
"1674190462885309228","1674190462885309228",,"Public Rack - Lowe Ave & 98th St",2
"1674190643273935964","1674190643273935964",,"Public Rack - Vincennes Ave & 95th Pl",1
"1582242306747684414","1582242306747684414",,"St Louis Ave & Norman Bobbins Ave",9
"1683527963645655060","1683527963645655060",,"Public Rack - State ST & 42nd St",1
"1674190269611780562","1674190269611780562",,"Public Rack - Cottage Grove Ave & 111th St",1
"1683527974474827792","1683527974474827792",,"Public Rack - Woodlawn Ave & 63rd St S",1
"1683527972235589660","1683527972235589660",,"Public Rack - Western Ave & Devon Ave",1
"1677249888253647024","1677249888253647024",,"Public Rack - Michigan Ave & 119th St",1
"1683527937875852268","1683527937875852268",,"Public Rack - Houston Ave & 130th St",1
"1674190192302369104","1674190192302369104",,"Public Rack - Back of the Yards Park",1
"1594046362333434512","1594046362333434512",,"Damen Ave & 33rd St",9
"1674190209482238322","1674190209482238322",,"Public Rack - California Ave & Devon Ave - NE",1
"1594046388103238324","1594046388103238324",,"Mozart St & Jackson Blvd",6
"1563698718386161684","1563698718386161684",,"Mason Ave & Belmont Ave",9
"1806753665682850708","1806753665682850708",,"Public Rack - St Louis & 83rd",2
"1806753639913046774","1806753639913046774",,"Public Rack - Delphina & Foster",2
"1674190587439361022","1674190587439361022",,"Public Rack - Pulaski Rd & Fullerton Ave",4
"1436495096608724634","1436495096608724634",,"N Clark St & W Elm St",4
"1674190647568903276","1674190647568903276",,"Public Rack - Waller Ave & Chicago Ave",1
"1674190218072172926","1674190218072172926",,"Public Rack - Calumet Ave & 133rd St",2
"1806753652797948730","1806753652797948730",,"Public Rack - Mason & Archer",2
"1715823786785102364","1715823786785102364",,"Public Rack - Sangamon St & 87th St",1
"1448642188027369090","1448642188027369090",,"Steelworkers Park",6
"1674190450000407316","1674190450000407316",,"Public Rack - Linder Ave & 51st St",2
"1806749757262611022","1806749757262611022",,"Public Rack - Minnehaha Ave & Devon Ave",2
"1674190544489687990","1674190544489687990",,"Public Rack - Oleander Ave & Addison St",3
"1674190188007401806","1674190188007401806",,"Public Rack - Avondale Ave & Addison St",4
"1674190261021845958","1674190261021845958",,"Public Rack - Claremont Ave & 71st St",1
"1806753644208014100","1806753644208014100",,"Public Rack - Keating & Peterson",2
"1806753631323112134","1806753631323112134",,"Public Rack - Austin & Higgins",2
"1674190213777205620","1674190213777205620",,"Public Rack - California Ave & Devon Ave - NW",2
"1677249802354300976","1677249802354300976",,"Public Rack - Elizabeth St & 115th St",1
"1594046370923369112","1594046370923369112",,"Campbell Ave & Augusta Blvd",9
"1806749747347777950","1806749747347777950",,"Public Rack - Haft Ave & Milwaukee Ave",2
"1674190334036290140","1674190334036290140",,"Public Rack - Harvard Ave & 103rd St",1
"1674190492950080348","1674190492950080348",,"Public Rack - Michele Clark Magnet High School",2
"1561012870126088744","1561012870126088744",,"Central Park Ave & Douglas Blvd",9
"1806753648502981418","1806753648502981418",,"Public Rack - Lavergne & Lawrence",2
"1806753639913046772","1806753639913046772",,"Public Rack - Damen & 87th",2
"1594046388103238326","1594046388103238326",,"Sacramento Blvd & Polk St",9
"1695776950890011384","1695776950890011384",,"Public Rack - La Moyne Ave and Leamington Ave",2
"1753333909108677614","1753333909108677614",,"Hastings LWS",6
"1715823801179235264","1715823801179235264",,"Public Rack - Kedvale Ave & 63rd St W",1
"1677249819534170176","1677249819534170176",,"Public Rack - Greenwood Ave & 87th St",1
"1674190222367140226","1674190222367140226",,"Public Rack - Calumet Ave & 71st St",2
"1563698684026425330","1563698684026425330",,"Central Ave & Parker Ave",9
"1593766347538293666","1593766347538293666",,"Kostner Ave & 63rd St",9
"1806753648502981408","1806753648502981408",,"Public Rack - Kilpatrick & Elston",2
"1806753648502981400","1806753648502981400",,"Public Rack - Kedzie & 73rd",4
"1575949528158434034","1575949528158434034",,"Bloomingdale Ave & Harlem Ave",9
"1806749757262611020","1806749757262611020",,"Public Rack - Devon Ave & Central Ave",2
"1674190192302369106","1674190192302369106",,"Public Rack - Baltimore Ave & 132nd St",1
"1806749718607905162","1806749718607905162",,"Public Rack - 82nd st & Kedzie Ave",2
"1436495115557663136","1436495115557663136",,"N Southport Ave & W Newport Ave",8
"1674190269611780570","1674190269611780570",,"Public Rack - Cottage Grove Ave & 87th St",1
"1674190462885309230","1674190462885309230",,"Public Rack - Lowe Park",2
"1575949510978564830","1575949510978564830",,"Central Park Ave & Ohio St",9
"1674190591734328322","1674190591734328322",,"Public Rack - Racine Ave & 74th St",1
"1677249802354300978","1677249802354300978",,"Public Rack - Halsted St & 111th St",1
"1674190626094066752","1674190626094066752",,"Public Rack - Stony Island & 95th St",1
"1594046413873042132","1594046413873042132",,"Western Ave & Grace St",9
"1683527944410057716","1683527944410057716",,"Public Rack - King Dr & 115th St",1
"1674190316856420914","1674190316856420914",,"Public Rack - Halsted St & 76th St",4
"1806749748672676378","1806749748672676378",,"Public Rack - Normandy Ave & Raven St",3
"1677249845303973992","1677249845303973992",,"Public Rack - Western Ave & 111th St - SE",1
"1674190402755766966","1674190402755766966",,"Public Rack - Keef Ave & South Chicago Ave",1
"1563698692616359930","1563698692616359930",,"Lamon Ave & Armitage Ave",9
"1674190342626224740","1674190342626224740",,"Public Rack - Homan Ave & 111th St",1
"1448642183732401788","1448642183732401788",,"Maryland Ave & 104th St",10
"1806749761557578336","1806749761557578336",,"Public Rack - Octavia Ave & Touhy Ave",2
"1594046409578074834","1594046409578074834",,"Francisco Ave & Bloomingdale Ave",9
"1683527950760754170","1683527950760754170",,"Public Rack - Langley Ave & Oakwood Blvd",2
"1806749744377709074","1806749744377709074",,"Public Rack - Higgins Ave & Neva Ave",2
"1674190411345701582","1674190411345701582",,"Public Rack - Kildare Ave & Washignton Blvd",1
"1674190578849426418","1674190578849426418",,"Public Rack - Pulaski Rd & 40th St",2
"1806749752967643698","1806749752967643698",,"Public Rack - Pratt Ave & Odell Ave",4
"1674190299676551700","1674190299676551700",,"Public Rack - Ewing Ave & 96th St N",1
"1674190450000407314","1674190450000407314",,"Public Rack - Legler Regional Library",2
"1677249772289529866","1677249772289529866",,"Public Rack - Christiana Ave & Bryn Mawr Ave",1
"1674190376985963172","1674190376985963172",,"Public Rack - Kedzie Ave & 61st Pl E",1
"1683527957294958598","1683527957294958598",,"Public Rack - Paxton Ave & 79th St",1
"1674190239547009454","1674190239547009454",,"Public Rack - Christiana Ave & 55th St",1
"1575949498093662914","1575949498093662914",,"Lavergne Ave & Division St",9
"1594046418168009436","1594046418168009436",,"Elston Ave & Henderson St",9
"1806753638588148344","1806753638588148344",,"Public Rack - Hamlin & 72nd",2
"1695776956346497674","1695776956346497674",,"Public Rack - Normal Ave & 111th St",1
"1674190235252042148","1674190235252042148",,"Public Rack - Chase Ave & Touhy Ave - NE",4
"1674190170827532590","1674190170827532590",,"Public Rack - Austin Blvd & North Ave",1
"1674190557374589898","1674190557374589898",,"Public Rack - Paul Revere Elementary School",3
"1594046418168009438","1594046418168009438",,"Albany Ave & Belmont Ave",9
"1677249776584497168","1677249776584497168",,"Public Rack - Christiana Ave & Lawrence Ave",2
"1594046456822715150","1594046456822715150",,"Francisco Ave & Hollywood Ave",9
"1674190535899753382","1674190535899753382",,"Public Rack - Nordica Ave & Addison St",1
"1674190291086617090","1674190291086617090",,"Public Rack - Emil G Hirch Metropolitan High School",2
"1674190157942630672","1674190157942630672",,"Public Rack - Albany Ave & 63rd St",1
"1674190492950080350","1674190492950080350",,"Public Rack - Michigan Ave & 102nd St",1
"1677249879663712418","1677249879663712418",,"Public Rack - Pullman - Planet Fitness",1
"1806749718607905182","1806749718607905182",,"Public Rack - 63rd St and Natoma Ave",2
"1715846688321143644","1715846688321143644",,"Public Rack - Rockwell & Division",1
"1715823822654071770","1715823822654071770",,"Public Rack - Oakley Ave & 50th Pl",1
"1563698701206292480","1563698701206292480",,"Lamon Ave & Belmont Ave",9
"1674190591734328324","1674190591734328324",,"Public Rack - Racine Ave & 76th",2
"1806749735787774444","1806749735787774444",,"Public Rack - Central Ave & Lawrence Ave",4
"1674190634684001360","1674190634684001360",,"Public Rack - Torrence Ave & 98th St",2